2026-04-15 12:18:29,113:WARNING:
'cuml' is a soft dependency and not included in the pycaret installation. Please run: `pip install cuml` to install.
2026-04-15 12:18:29,113:WARNING:
'cuml' is a soft dependency and not included in the pycaret installation. Please run: `pip install cuml` to install.
2026-04-15 12:18:29,113:WARNING:
'cuml' is a soft dependency and not included in the pycaret installation. Please run: `pip install cuml` to install.
2026-04-15 12:18:29,113:WARNING:
'cuml' is a soft dependency and not included in the pycaret installation. Please run: `pip install cuml` to install.
2026-04-15 12:18:35,144:INFO:PyCaret ClassificationExperiment
2026-04-15 12:18:35,145:INFO:Logging name: clf-default-name
2026-04-15 12:18:35,145:INFO:ML Usecase: MLUsecase.CLASSIFICATION
2026-04-15 12:18:35,145:INFO:version 3.3.2
2026-04-15 12:18:35,145:INFO:Initializing setup()
2026-04-15 12:18:35,145:INFO:self.USI: e75a
2026-04-15 12:18:35,145:INFO:self._variable_keys: {'_available_plots', 'idx', 'X', 'target_param', 'exp_name_log', 'gpu_n_jobs_param', 'memory', 'pipeline', 'log_plots_param', 'fix_imbalance', 'is_multiclass', 'y_test', 'logging_param', 'seed', 'y_train', 'X_test', 'fold_groups_param', 'fold_shuffle_param', 'USI', 'n_jobs_param', 'X_train', 'fold_generator', 'data', '_ml_usecase', 'y', 'exp_id', 'gpu_param', 'html_param'}
2026-04-15 12:18:35,145:INFO:Checking environment
2026-04-15 12:18:35,145:INFO:python_version: 3.11.15
2026-04-15 12:18:35,145:INFO:python_build: ('main', 'Mar 11 2026 17:14:47')
2026-04-15 12:18:35,145:INFO:machine: arm64
2026-04-15 12:18:35,179:INFO:platform: macOS-15.5-arm64-arm-64bit
2026-04-15 12:18:35,179:INFO:Memory: svmem(total=8589934592, available=1344192512, percent=84.4, used=2864529408, free=67469312, active=1287782400, inactive=1156808704, wired=1576747008)
2026-04-15 12:18:35,179:INFO:Physical Core: 8
2026-04-15 12:18:35,179:INFO:Logical Core: 8
2026-04-15 12:18:35,179:INFO:Checking libraries
2026-04-15 12:18:35,179:INFO:System:
2026-04-15 12:18:35,179:INFO:    python: 3.11.15 (main, Mar 11 2026, 17:14:47) [Clang 20.1.8 ]
2026-04-15 12:18:35,179:INFO:executable: /opt/anaconda3/envs/pycaret311/bin/python
2026-04-15 12:18:35,179:INFO:   machine: macOS-15.5-arm64-arm-64bit
2026-04-15 12:18:35,179:INFO:PyCaret required dependencies:
2026-04-15 12:18:35,181:WARNING:/opt/anaconda3/envs/pycaret311/lib/python3.11/site-packages/_distutils_hack/__init__.py:30: UserWarning: Setuptools is replacing distutils. Support for replacing an already imported distutils is deprecated. In the future, this condition will fail. Register concerns at https://github.com/pypa/setuptools/issues/new?template=distutils-deprecation.yml
  warnings.warn(

2026-04-15 12:20:59,337:WARNING:
'cuml' is a soft dependency and not included in the pycaret installation. Please run: `pip install cuml` to install.
2026-04-15 12:20:59,337:WARNING:
'cuml' is a soft dependency and not included in the pycaret installation. Please run: `pip install cuml` to install.
2026-04-15 12:20:59,337:WARNING:
'cuml' is a soft dependency and not included in the pycaret installation. Please run: `pip install cuml` to install.
2026-04-15 12:20:59,337:WARNING:
'cuml' is a soft dependency and not included in the pycaret installation. Please run: `pip install cuml` to install.
2026-04-15 12:20:59,929:INFO:PyCaret ClassificationExperiment
2026-04-15 12:20:59,930:INFO:Logging name: clf-default-name
2026-04-15 12:20:59,930:INFO:ML Usecase: MLUsecase.CLASSIFICATION
2026-04-15 12:20:59,930:INFO:version 3.3.2
2026-04-15 12:20:59,930:INFO:Initializing setup()
2026-04-15 12:20:59,930:INFO:self.USI: 66a6
2026-04-15 12:20:59,930:INFO:self._variable_keys: {'_ml_usecase', 'exp_id', 'X', 'memory', 'gpu_n_jobs_param', 'n_jobs_param', 'html_param', 'logging_param', 'log_plots_param', 'fold_generator', 'y', 'is_multiclass', 'fold_shuffle_param', 'target_param', 'exp_name_log', 'pipeline', 'data', 'X_test', '_available_plots', 'X_train', 'gpu_param', 'y_test', 'idx', 'y_train', 'fix_imbalance', 'seed', 'fold_groups_param', 'USI'}
2026-04-15 12:20:59,930:INFO:Checking environment
2026-04-15 12:20:59,930:INFO:python_version: 3.11.15
2026-04-15 12:20:59,930:INFO:python_build: ('main', 'Mar 11 2026 17:14:47')
2026-04-15 12:20:59,930:INFO:machine: arm64
2026-04-15 12:20:59,953:INFO:platform: macOS-15.5-arm64-arm-64bit
2026-04-15 12:20:59,953:INFO:Memory: svmem(total=8589934592, available=2368225280, percent=72.4, used=3954868224, free=76120064, active=2298593280, inactive=2180759552, wired=1656274944)
2026-04-15 12:20:59,953:INFO:Physical Core: 8
2026-04-15 12:20:59,953:INFO:Logical Core: 8
2026-04-15 12:20:59,953:INFO:Checking libraries
2026-04-15 12:20:59,953:INFO:System:
2026-04-15 12:20:59,953:INFO:    python: 3.11.15 (main, Mar 11 2026, 17:14:47) [Clang 20.1.8 ]
2026-04-15 12:20:59,953:INFO:executable: /opt/anaconda3/envs/pycaret311/bin/python
2026-04-15 12:20:59,953:INFO:   machine: macOS-15.5-arm64-arm-64bit
2026-04-15 12:20:59,953:INFO:PyCaret required dependencies:
2026-04-15 12:20:59,954:WARNING:/opt/anaconda3/envs/pycaret311/lib/python3.11/site-packages/_distutils_hack/__init__.py:30: UserWarning: Setuptools is replacing distutils. Support for replacing an already imported distutils is deprecated. In the future, this condition will fail. Register concerns at https://github.com/pypa/setuptools/issues/new?template=distutils-deprecation.yml
  warnings.warn(

2026-04-15 12:24:54,228:WARNING:
'cuml' is a soft dependency and not included in the pycaret installation. Please run: `pip install cuml` to install.
2026-04-15 12:24:54,228:WARNING:
'cuml' is a soft dependency and not included in the pycaret installation. Please run: `pip install cuml` to install.
2026-04-15 12:24:54,228:WARNING:
'cuml' is a soft dependency and not included in the pycaret installation. Please run: `pip install cuml` to install.
2026-04-15 12:24:54,228:WARNING:
'cuml' is a soft dependency and not included in the pycaret installation. Please run: `pip install cuml` to install.
2026-04-15 12:24:54,818:INFO:PyCaret ClassificationExperiment
2026-04-15 12:24:54,818:INFO:Logging name: clf-default-name
2026-04-15 12:24:54,818:INFO:ML Usecase: MLUsecase.CLASSIFICATION
2026-04-15 12:24:54,818:INFO:version 3.3.2
2026-04-15 12:24:54,818:INFO:Initializing setup()
2026-04-15 12:24:54,818:INFO:self.USI: a4e7
2026-04-15 12:24:54,818:INFO:self._variable_keys: {'fold_groups_param', 'data', 'y_train', 'X_test', 'fold_shuffle_param', 'is_multiclass', 'target_param', '_available_plots', 'n_jobs_param', 'log_plots_param', 'y', 'USI', 'fix_imbalance', 'pipeline', 'fold_generator', 'seed', '_ml_usecase', 'logging_param', 'exp_name_log', 'idx', 'y_test', 'gpu_param', 'X', 'html_param', 'memory', 'gpu_n_jobs_param', 'exp_id', 'X_train'}
2026-04-15 12:24:54,818:INFO:Checking environment
2026-04-15 12:24:54,818:INFO:python_version: 3.11.15
2026-04-15 12:24:54,818:INFO:python_build: ('main', 'Mar 11 2026 17:14:47')
2026-04-15 12:24:54,819:INFO:machine: arm64
2026-04-15 12:24:54,836:INFO:platform: macOS-15.5-arm64-arm-64bit
2026-04-15 12:24:54,837:INFO:Memory: svmem(total=8589934592, available=2093957120, percent=75.6, used=3699408896, free=68616192, active=2034089984, inactive=1835106304, wired=1665318912)
2026-04-15 12:24:54,837:INFO:Physical Core: 8
2026-04-15 12:24:54,837:INFO:Logical Core: 8
2026-04-15 12:24:54,837:INFO:Checking libraries
2026-04-15 12:24:54,837:INFO:System:
2026-04-15 12:24:54,837:INFO:    python: 3.11.15 (main, Mar 11 2026, 17:14:47) [Clang 20.1.8 ]
2026-04-15 12:24:54,837:INFO:executable: /opt/anaconda3/envs/pycaret311/bin/python
2026-04-15 12:24:54,837:INFO:   machine: macOS-15.5-arm64-arm-64bit
2026-04-15 12:24:54,837:INFO:PyCaret required dependencies:
2026-04-15 12:24:54,838:WARNING:/opt/anaconda3/envs/pycaret311/lib/python3.11/site-packages/_distutils_hack/__init__.py:30: UserWarning: Setuptools is replacing distutils. Support for replacing an already imported distutils is deprecated. In the future, this condition will fail. Register concerns at https://github.com/pypa/setuptools/issues/new?template=distutils-deprecation.yml
  warnings.warn(

2026-04-15 12:24:55,010:INFO:                 pip: 26.0.1
2026-04-15 12:24:55,010:INFO:          setuptools: 82.0.1
2026-04-15 12:24:55,010:INFO:             pycaret: 3.3.2
2026-04-15 12:24:55,010:INFO:             IPython: 9.10.1
2026-04-15 12:24:55,010:INFO:          ipywidgets: 8.1.8
2026-04-15 12:24:55,010:INFO:                tqdm: 4.67.3
2026-04-15 12:24:55,010:INFO:               numpy: 1.26.4
2026-04-15 12:24:55,010:INFO:              pandas: 2.1.4
2026-04-15 12:24:55,010:INFO:              jinja2: 3.1.6
2026-04-15 12:24:55,010:INFO:               scipy: 1.11.4
2026-04-15 12:24:55,010:INFO:              joblib: 1.3.2
2026-04-15 12:24:55,010:INFO:             sklearn: 1.4.2
2026-04-15 12:24:55,010:INFO:                pyod: 3.2.0
2026-04-15 12:24:55,010:INFO:            imblearn: 0.14.1
2026-04-15 12:24:55,010:INFO:   category_encoders: 2.7.0
2026-04-15 12:24:55,010:INFO:            lightgbm: 4.6.0
2026-04-15 12:24:55,010:INFO:               numba: 0.65.0
2026-04-15 12:24:55,010:INFO:            requests: 2.33.1
2026-04-15 12:24:55,010:INFO:          matplotlib: 3.7.5
2026-04-15 12:24:55,010:INFO:          scikitplot: 0.3.7
2026-04-15 12:24:55,010:INFO:         yellowbrick: 1.5
2026-04-15 12:24:55,010:INFO:              plotly: 6.7.0
2026-04-15 12:24:55,010:INFO:    plotly-resampler: Not installed
2026-04-15 12:24:55,010:INFO:             kaleido: 1.2.0
2026-04-15 12:24:55,010:INFO:           schemdraw: 0.15
2026-04-15 12:24:55,010:INFO:         statsmodels: 0.14.6
2026-04-15 12:24:55,010:INFO:              sktime: 0.26.0
2026-04-15 12:24:55,010:INFO:               tbats: 1.1.3
2026-04-15 12:24:55,010:INFO:            pmdarima: 2.0.4
2026-04-15 12:24:55,010:INFO:              psutil: 7.2.2
2026-04-15 12:24:55,010:INFO:          markupsafe: 3.0.3
2026-04-15 12:24:55,010:INFO:             pickle5: Not installed
2026-04-15 12:24:55,010:INFO:         cloudpickle: 3.1.2
2026-04-15 12:24:55,010:INFO:         deprecation: 2.1.0
2026-04-15 12:24:55,010:INFO:              xxhash: 3.6.0
2026-04-15 12:24:55,010:INFO:           wurlitzer: 3.1.1
2026-04-15 12:24:55,010:INFO:PyCaret optional dependencies:
2026-04-15 12:24:55,469:INFO:                shap: Not installed
2026-04-15 12:24:55,469:INFO:           interpret: Not installed
2026-04-15 12:24:55,469:INFO:                umap: Not installed
2026-04-15 12:24:55,469:INFO:     ydata_profiling: Not installed
2026-04-15 12:24:55,469:INFO:  explainerdashboard: Not installed
2026-04-15 12:24:55,469:INFO:             autoviz: Not installed
2026-04-15 12:24:55,469:INFO:           fairlearn: Not installed
2026-04-15 12:24:55,469:INFO:          deepchecks: Not installed
2026-04-15 12:24:55,469:INFO:             xgboost: Not installed
2026-04-15 12:24:55,469:INFO:            catboost: Not installed
2026-04-15 12:24:55,469:INFO:              kmodes: Not installed
2026-04-15 12:24:55,469:INFO:             mlxtend: Not installed
2026-04-15 12:24:55,469:INFO:       statsforecast: Not installed
2026-04-15 12:24:55,469:INFO:        tune_sklearn: Not installed
2026-04-15 12:24:55,470:INFO:                 ray: Not installed
2026-04-15 12:24:55,470:INFO:            hyperopt: Not installed
2026-04-15 12:24:55,470:INFO:              optuna: Not installed
2026-04-15 12:24:55,470:INFO:               skopt: Not installed
2026-04-15 12:24:55,470:INFO:              mlflow: Not installed
2026-04-15 12:24:55,470:INFO:              gradio: Not installed
2026-04-15 12:24:55,470:INFO:             fastapi: 0.135.3
2026-04-15 12:24:55,470:INFO:             uvicorn: 0.44.0
2026-04-15 12:24:55,470:INFO:              m2cgen: Not installed
2026-04-15 12:24:55,470:INFO:           evidently: Not installed
2026-04-15 12:24:55,470:INFO:               fugue: Not installed
2026-04-15 12:24:55,470:INFO:           streamlit: Not installed
2026-04-15 12:24:55,470:INFO:             prophet: Not installed
2026-04-15 12:24:55,470:INFO:None
2026-04-15 12:24:55,470:INFO:Set up data.
2026-04-15 12:24:55,474:INFO:Set up folding strategy.
2026-04-15 12:24:55,474:INFO:Set up train/test split.
2026-04-15 12:24:55,501:INFO:Set up index.
2026-04-15 12:24:55,501:INFO:Assigning column types.
2026-04-15 12:24:55,504:INFO:Engine successfully changes for model 'lr' to 'sklearn'.
2026-04-15 12:24:55,522:INFO:Engine for model 'knn' has not been set explicitly, hence returning None.
2026-04-15 12:24:55,523:INFO:Engine for model 'rbfsvm' has not been set explicitly, hence returning None.
2026-04-15 12:24:55,536:WARNING:
'xgboost' is a soft dependency and not included in the pycaret installation. Please run: `pip install xgboost` to install.
Alternately, you can install this by running `pip install pycaret[models]`
2026-04-15 12:24:55,536:WARNING:
'catboost' is a soft dependency and not included in the pycaret installation. Please run: `pip install catboost` to install.
Alternately, you can install this by running `pip install pycaret[models]`
2026-04-15 12:24:55,552:INFO:Engine for model 'knn' has not been set explicitly, hence returning None.
2026-04-15 12:24:55,553:INFO:Engine for model 'rbfsvm' has not been set explicitly, hence returning None.
2026-04-15 12:24:55,563:WARNING:
'xgboost' is a soft dependency and not included in the pycaret installation. Please run: `pip install xgboost` to install.
Alternately, you can install this by running `pip install pycaret[models]`
2026-04-15 12:24:55,563:WARNING:
'catboost' is a soft dependency and not included in the pycaret installation. Please run: `pip install catboost` to install.
Alternately, you can install this by running `pip install pycaret[models]`
2026-04-15 12:24:55,563:INFO:Engine successfully changes for model 'knn' to 'sklearn'.
2026-04-15 12:24:55,580:INFO:Engine for model 'rbfsvm' has not been set explicitly, hence returning None.
2026-04-15 12:24:55,590:WARNING:
'xgboost' is a soft dependency and not included in the pycaret installation. Please run: `pip install xgboost` to install.
Alternately, you can install this by running `pip install pycaret[models]`
2026-04-15 12:24:55,590:WARNING:
'catboost' is a soft dependency and not included in the pycaret installation. Please run: `pip install catboost` to install.
Alternately, you can install this by running `pip install pycaret[models]`
2026-04-15 12:24:55,607:INFO:Engine for model 'rbfsvm' has not been set explicitly, hence returning None.
2026-04-15 12:24:55,617:WARNING:
'xgboost' is a soft dependency and not included in the pycaret installation. Please run: `pip install xgboost` to install.
Alternately, you can install this by running `pip install pycaret[models]`
2026-04-15 12:24:55,617:WARNING:
'catboost' is a soft dependency and not included in the pycaret installation. Please run: `pip install catboost` to install.
Alternately, you can install this by running `pip install pycaret[models]`
2026-04-15 12:24:55,617:INFO:Engine successfully changes for model 'rbfsvm' to 'sklearn'.
2026-04-15 12:24:55,644:WARNING:
'xgboost' is a soft dependency and not included in the pycaret installation. Please run: `pip install xgboost` to install.
Alternately, you can install this by running `pip install pycaret[models]`
2026-04-15 12:24:55,644:WARNING:
'catboost' is a soft dependency and not included in the pycaret installation. Please run: `pip install catboost` to install.
Alternately, you can install this by running `pip install pycaret[models]`
2026-04-15 12:24:55,670:WARNING:
'xgboost' is a soft dependency and not included in the pycaret installation. Please run: `pip install xgboost` to install.
Alternately, you can install this by running `pip install pycaret[models]`
2026-04-15 12:24:55,670:WARNING:
'catboost' is a soft dependency and not included in the pycaret installation. Please run: `pip install catboost` to install.
Alternately, you can install this by running `pip install pycaret[models]`
2026-04-15 12:24:55,672:INFO:Preparing preprocessing pipeline...
2026-04-15 12:24:55,674:INFO:Set up label encoding.
2026-04-15 12:24:55,674:INFO:Set up simple imputation.
2026-04-15 12:24:55,677:INFO:Set up encoding of ordinal features.
2026-04-15 12:24:55,679:INFO:Set up encoding of categorical features.
2026-04-15 12:24:55,679:INFO:Set up feature normalization.
2026-04-15 12:24:55,679:INFO:Set up column name cleaning.
2026-04-15 12:24:56,036:INFO:Finished creating preprocessing pipeline.
2026-04-15 12:24:56,042:INFO:Pipeline: Pipeline(memory=FastMemory(location=/var/folders/c3/03h8vrbs74v9s2kx_5k2h8gc0000gn/T/joblib),
         steps=[('label_encoding',
                 TransformerWrapperWithInverse(exclude=None, include=None,
                                               transformer=LabelEncoder())),
                ('numerical_imputer',
                 TransformerWrapper(exclude=None,
                                    include=['age', 'fnlwgt', 'education-num',
                                             'capital-gain', 'capital-loss',
                                             'hours-per-week'],
                                    transf...
                                                              hierarchy=None,
                                                              min_samples_leaf=20,
                                                              return_df=True,
                                                              smoothing=10,
                                                              verbose=0))),
                ('normalize',
                 TransformerWrapper(exclude=None, include=None,
                                    transformer=StandardScaler(copy=True,
                                                               with_mean=True,
                                                               with_std=True))),
                ('clean_column_names',
                 TransformerWrapper(exclude=None, include=None,
                                    transformer=CleanColumnNames(match='[\\]\\[\\,\\{\\}\\"\\:]+')))],
         verbose=False)
2026-04-15 12:24:56,042:INFO:Creating final display dataframe.
2026-04-15 12:24:56,418:INFO:Setup _display_container:                     Description              Value
0                    Session id                 42
1                        Target             income
2                   Target type             Binary
3                Target mapping  <=50K: 0, >50K: 1
4           Original data shape        (48842, 15)
5        Transformed data shape        (48842, 65)
6   Transformed train set shape        (39073, 65)
7    Transformed test set shape         (9769, 65)
8              Numeric features                  6
9          Categorical features                  8
10     Rows with missing values               7.4%
11                   Preprocess               True
12              Imputation type             simple
13           Numeric imputation               mean
14       Categorical imputation               mode
15     Maximum one-hot encoding                 25
16              Encoding method               None
17                    Normalize               True
18             Normalize method             zscore
19               Fold Generator    StratifiedKFold
20                  Fold Number                 10
21                     CPU Jobs                 -1
22                      Use GPU              False
23               Log Experiment              False
24              Experiment Name   clf-default-name
25                          USI               a4e7
2026-04-15 12:24:56,445:WARNING:
'xgboost' is a soft dependency and not included in the pycaret installation. Please run: `pip install xgboost` to install.
Alternately, you can install this by running `pip install pycaret[models]`
2026-04-15 12:24:56,445:WARNING:
'catboost' is a soft dependency and not included in the pycaret installation. Please run: `pip install catboost` to install.
Alternately, you can install this by running `pip install pycaret[models]`
2026-04-15 12:24:56,473:WARNING:
'xgboost' is a soft dependency and not included in the pycaret installation. Please run: `pip install xgboost` to install.
Alternately, you can install this by running `pip install pycaret[models]`
2026-04-15 12:24:56,474:WARNING:
'catboost' is a soft dependency and not included in the pycaret installation. Please run: `pip install catboost` to install.
Alternately, you can install this by running `pip install pycaret[models]`
2026-04-15 12:24:56,474:INFO:setup() successfully completed in 1.66s...............
2026-04-15 12:24:56,474:INFO:Initializing compare_models()
2026-04-15 12:24:56,474:INFO:compare_models(self=<pycaret.classification.oop.ClassificationExperiment object at 0x12c6a7790>, include=None, exclude=None, fold=None, round=4, cross_validation=True, sort=Accuracy, n_select=3, budget_time=None, turbo=True, errors=ignore, fit_kwargs=None, groups=None, experiment_custom_tags=None, probability_threshold=None, verbose=True, parallel=None, caller_params={'self': <pycaret.classification.oop.ClassificationExperiment object at 0x12c6a7790>, 'include': None, 'exclude': None, 'fold': None, 'round': 4, 'cross_validation': True, 'sort': 'Accuracy', 'n_select': 3, 'budget_time': None, 'turbo': True, 'errors': 'ignore', 'fit_kwargs': None, 'groups': None, 'experiment_custom_tags': None, 'probability_threshold': None, 'engine': None, 'verbose': True, 'parallel': None, '__class__': <class 'pycaret.classification.oop.ClassificationExperiment'>})
2026-04-15 12:24:56,474:INFO:Checking exceptions
2026-04-15 12:24:56,477:INFO:Preparing display monitor
2026-04-15 12:24:57,029:INFO:Initializing Logistic Regression
2026-04-15 12:24:57,029:INFO:Total runtime is 3.1630198160807294e-06 minutes
2026-04-15 12:24:57,029:INFO:SubProcess create_model() called ==================================
2026-04-15 12:24:57,029:INFO:Initializing create_model()
2026-04-15 12:24:57,029:INFO:create_model(self=<pycaret.classification.oop.ClassificationExperiment object at 0x12c6a7790>, estimator=lr, fold=StratifiedKFold(n_splits=10, random_state=None, shuffle=False), round=4, cross_validation=True, predict=True, fit_kwargs={}, groups=None, refit=False, probability_threshold=None, experiment_custom_tags=None, verbose=False, system=False, add_to_model_list=True, metrics=None, display=<pycaret.internal.display.display.CommonDisplay object at 0x164602090>, model_only=True, return_train_score=False, error_score=0.0, kwargs={})
2026-04-15 12:24:57,029:INFO:Checking exceptions
2026-04-15 12:24:57,029:INFO:Importing libraries
2026-04-15 12:24:57,029:INFO:Copying training dataset
2026-04-15 12:24:57,039:INFO:Defining folds
2026-04-15 12:24:57,039:INFO:Declaring metric variables
2026-04-15 12:24:57,039:INFO:Importing untrained model
2026-04-15 12:24:57,040:INFO:Logistic Regression Imported successfully
2026-04-15 12:24:57,040:INFO:Starting cross validation
2026-04-15 12:24:57,041:INFO:Cross validating with StratifiedKFold(n_splits=10, random_state=None, shuffle=False), n_jobs=-1
2026-04-15 12:24:58,955:WARNING:/opt/anaconda3/envs/pycaret311/lib/python3.11/site-packages/_distutils_hack/__init__.py:30: UserWarning: Setuptools is replacing distutils. Support for replacing an already imported distutils is deprecated. In the future, this condition will fail. Register concerns at https://github.com/pypa/setuptools/issues/new?template=distutils-deprecation.yml
  warnings.warn(

2026-04-15 12:24:59,045:WARNING:/opt/anaconda3/envs/pycaret311/lib/python3.11/site-packages/_distutils_hack/__init__.py:30: UserWarning: Setuptools is replacing distutils. Support for replacing an already imported distutils is deprecated. In the future, this condition will fail. Register concerns at https://github.com/pypa/setuptools/issues/new?template=distutils-deprecation.yml
  warnings.warn(

2026-04-15 12:24:59,082:WARNING:/opt/anaconda3/envs/pycaret311/lib/python3.11/site-packages/_distutils_hack/__init__.py:30: UserWarning: Setuptools is replacing distutils. Support for replacing an already imported distutils is deprecated. In the future, this condition will fail. Register concerns at https://github.com/pypa/setuptools/issues/new?template=distutils-deprecation.yml
  warnings.warn(

2026-04-15 12:24:59,091:WARNING:/opt/anaconda3/envs/pycaret311/lib/python3.11/site-packages/_distutils_hack/__init__.py:30: UserWarning: Setuptools is replacing distutils. Support for replacing an already imported distutils is deprecated. In the future, this condition will fail. Register concerns at https://github.com/pypa/setuptools/issues/new?template=distutils-deprecation.yml
  warnings.warn(

2026-04-15 12:24:59,092:WARNING:/opt/anaconda3/envs/pycaret311/lib/python3.11/site-packages/_distutils_hack/__init__.py:30: UserWarning: Setuptools is replacing distutils. Support for replacing an already imported distutils is deprecated. In the future, this condition will fail. Register concerns at https://github.com/pypa/setuptools/issues/new?template=distutils-deprecation.yml
  warnings.warn(

2026-04-15 12:24:59,103:WARNING:/opt/anaconda3/envs/pycaret311/lib/python3.11/site-packages/_distutils_hack/__init__.py:30: UserWarning: Setuptools is replacing distutils. Support for replacing an already imported distutils is deprecated. In the future, this condition will fail. Register concerns at https://github.com/pypa/setuptools/issues/new?template=distutils-deprecation.yml
  warnings.warn(

2026-04-15 12:24:59,126:WARNING:/opt/anaconda3/envs/pycaret311/lib/python3.11/site-packages/_distutils_hack/__init__.py:30: UserWarning: Setuptools is replacing distutils. Support for replacing an already imported distutils is deprecated. In the future, this condition will fail. Register concerns at https://github.com/pypa/setuptools/issues/new?template=distutils-deprecation.yml
  warnings.warn(

2026-04-15 12:24:59,167:WARNING:/opt/anaconda3/envs/pycaret311/lib/python3.11/site-packages/_distutils_hack/__init__.py:30: UserWarning: Setuptools is replacing distutils. Support for replacing an already imported distutils is deprecated. In the future, this condition will fail. Register concerns at https://github.com/pypa/setuptools/issues/new?template=distutils-deprecation.yml
  warnings.warn(

2026-04-15 12:25:00,087:WARNING:/opt/anaconda3/envs/pycaret311/lib/python3.11/site-packages/sklearn/metrics/_classification.py:1561: UserWarning: Note that pos_label (set to '>50K') is ignored when average != 'binary' (got 'weighted'). You may use labels=[pos_label] to specify a single positive class.
  warnings.warn(

2026-04-15 12:25:00,128:WARNING:/opt/anaconda3/envs/pycaret311/lib/python3.11/site-packages/sklearn/metrics/_classification.py:1561: UserWarning: Note that pos_label (set to '>50K') is ignored when average != 'binary' (got 'weighted'). You may use labels=[pos_label] to specify a single positive class.
  warnings.warn(

2026-04-15 12:25:00,164:WARNING:/opt/anaconda3/envs/pycaret311/lib/python3.11/site-packages/sklearn/metrics/_classification.py:1561: UserWarning: Note that pos_label (set to '>50K') is ignored when average != 'binary' (got 'weighted'). You may use labels=[pos_label] to specify a single positive class.
  warnings.warn(

2026-04-15 12:25:00,230:WARNING:/opt/anaconda3/envs/pycaret311/lib/python3.11/site-packages/sklearn/metrics/_classification.py:1561: UserWarning: Note that pos_label (set to '>50K') is ignored when average != 'binary' (got 'weighted'). You may use labels=[pos_label] to specify a single positive class.
  warnings.warn(

2026-04-15 12:25:00,246:WARNING:/opt/anaconda3/envs/pycaret311/lib/python3.11/site-packages/sklearn/metrics/_classification.py:1561: UserWarning: Note that pos_label (set to '>50K') is ignored when average != 'binary' (got 'weighted'). You may use labels=[pos_label] to specify a single positive class.
  warnings.warn(

2026-04-15 12:25:00,252:WARNING:/opt/anaconda3/envs/pycaret311/lib/python3.11/site-packages/sklearn/metrics/_classification.py:1561: UserWarning: Note that pos_label (set to '>50K') is ignored when average != 'binary' (got 'weighted'). You may use labels=[pos_label] to specify a single positive class.
  warnings.warn(

2026-04-15 12:25:00,251:WARNING:/opt/anaconda3/envs/pycaret311/lib/python3.11/site-packages/sklearn/metrics/_classification.py:1561: UserWarning: Note that pos_label (set to '>50K') is ignored when average != 'binary' (got 'weighted'). You may use labels=[pos_label] to specify a single positive class.
  warnings.warn(

2026-04-15 12:25:00,270:WARNING:/opt/anaconda3/envs/pycaret311/lib/python3.11/site-packages/sklearn/metrics/_classification.py:1561: UserWarning: Note that pos_label (set to '>50K') is ignored when average != 'binary' (got 'weighted'). You may use labels=[pos_label] to specify a single positive class.
  warnings.warn(

2026-04-15 12:25:00,271:WARNING:/opt/anaconda3/envs/pycaret311/lib/python3.11/site-packages/sklearn/metrics/_classification.py:1561: UserWarning: Note that pos_label (set to '>50K') is ignored when average != 'binary' (got 'weighted'). You may use labels=[pos_label] to specify a single positive class.
  warnings.warn(

2026-04-15 12:25:00,274:WARNING:/opt/anaconda3/envs/pycaret311/lib/python3.11/site-packages/sklearn/metrics/_classification.py:1561: UserWarning: Note that pos_label (set to '>50K') is ignored when average != 'binary' (got 'weighted'). You may use labels=[pos_label] to specify a single positive class.
  warnings.warn(

2026-04-15 12:25:00,288:WARNING:/opt/anaconda3/envs/pycaret311/lib/python3.11/site-packages/sklearn/metrics/_classification.py:1561: UserWarning: Note that pos_label (set to '>50K') is ignored when average != 'binary' (got 'weighted'). You may use labels=[pos_label] to specify a single positive class.
  warnings.warn(

2026-04-15 12:25:00,295:WARNING:/opt/anaconda3/envs/pycaret311/lib/python3.11/site-packages/sklearn/metrics/_classification.py:1561: UserWarning: Note that pos_label (set to '>50K') is ignored when average != 'binary' (got 'weighted'). You may use labels=[pos_label] to specify a single positive class.
  warnings.warn(

2026-04-15 12:25:00,300:WARNING:/opt/anaconda3/envs/pycaret311/lib/python3.11/site-packages/sklearn/metrics/_classification.py:1561: UserWarning: Note that pos_label (set to '>50K') is ignored when average != 'binary' (got 'weighted'). You may use labels=[pos_label] to specify a single positive class.
  warnings.warn(

2026-04-15 12:25:00,312:WARNING:/opt/anaconda3/envs/pycaret311/lib/python3.11/site-packages/sklearn/metrics/_classification.py:1561: UserWarning: Note that pos_label (set to '>50K') is ignored when average != 'binary' (got 'weighted'). You may use labels=[pos_label] to specify a single positive class.
  warnings.warn(

2026-04-15 12:25:00,318:WARNING:/opt/anaconda3/envs/pycaret311/lib/python3.11/site-packages/sklearn/metrics/_classification.py:1561: UserWarning: Note that pos_label (set to '>50K') is ignored when average != 'binary' (got 'weighted'). You may use labels=[pos_label] to specify a single positive class.
  warnings.warn(

2026-04-15 12:25:00,333:WARNING:/opt/anaconda3/envs/pycaret311/lib/python3.11/site-packages/sklearn/metrics/_classification.py:1561: UserWarning: Note that pos_label (set to '>50K') is ignored when average != 'binary' (got 'weighted'). You may use labels=[pos_label] to specify a single positive class.
  warnings.warn(

2026-04-15 12:25:00,334:WARNING:/opt/anaconda3/envs/pycaret311/lib/python3.11/site-packages/sklearn/metrics/_classification.py:1561: UserWarning: Note that pos_label (set to '>50K') is ignored when average != 'binary' (got 'weighted'). You may use labels=[pos_label] to specify a single positive class.
  warnings.warn(

2026-04-15 12:25:00,336:WARNING:/opt/anaconda3/envs/pycaret311/lib/python3.11/site-packages/sklearn/metrics/_classification.py:1561: UserWarning: Note that pos_label (set to '>50K') is ignored when average != 'binary' (got 'weighted'). You may use labels=[pos_label] to specify a single positive class.
  warnings.warn(

2026-04-15 12:25:00,344:WARNING:/opt/anaconda3/envs/pycaret311/lib/python3.11/site-packages/sklearn/metrics/_classification.py:1561: UserWarning: Note that pos_label (set to '>50K') is ignored when average != 'binary' (got 'weighted'). You may use labels=[pos_label] to specify a single positive class.
  warnings.warn(

2026-04-15 12:25:00,358:WARNING:/opt/anaconda3/envs/pycaret311/lib/python3.11/site-packages/sklearn/metrics/_classification.py:1561: UserWarning: Note that pos_label (set to '>50K') is ignored when average != 'binary' (got 'weighted'). You may use labels=[pos_label] to specify a single positive class.
  warnings.warn(

2026-04-15 12:25:00,358:WARNING:/opt/anaconda3/envs/pycaret311/lib/python3.11/site-packages/sklearn/metrics/_classification.py:1561: UserWarning: Note that pos_label (set to '>50K') is ignored when average != 'binary' (got 'weighted'). You may use labels=[pos_label] to specify a single positive class.
  warnings.warn(

2026-04-15 12:25:00,363:WARNING:/opt/anaconda3/envs/pycaret311/lib/python3.11/site-packages/sklearn/metrics/_classification.py:1561: UserWarning: Note that pos_label (set to '>50K') is ignored when average != 'binary' (got 'weighted'). You may use labels=[pos_label] to specify a single positive class.
  warnings.warn(

2026-04-15 12:25:00,376:WARNING:/opt/anaconda3/envs/pycaret311/lib/python3.11/site-packages/sklearn/metrics/_classification.py:1561: UserWarning: Note that pos_label (set to '>50K') is ignored when average != 'binary' (got 'weighted'). You may use labels=[pos_label] to specify a single positive class.
  warnings.warn(

2026-04-15 12:25:00,386:WARNING:/opt/anaconda3/envs/pycaret311/lib/python3.11/site-packages/sklearn/metrics/_classification.py:1561: UserWarning: Note that pos_label (set to '>50K') is ignored when average != 'binary' (got 'weighted'). You may use labels=[pos_label] to specify a single positive class.
  warnings.warn(

2026-04-15 12:25:00,835:WARNING:/opt/anaconda3/envs/pycaret311/lib/python3.11/site-packages/sklearn/metrics/_classification.py:1561: UserWarning: Note that pos_label (set to '>50K') is ignored when average != 'binary' (got 'weighted'). You may use labels=[pos_label] to specify a single positive class.
  warnings.warn(

2026-04-15 12:25:00,847:WARNING:/opt/anaconda3/envs/pycaret311/lib/python3.11/site-packages/sklearn/metrics/_classification.py:1561: UserWarning: Note that pos_label (set to '>50K') is ignored when average != 'binary' (got 'weighted'). You may use labels=[pos_label] to specify a single positive class.
  warnings.warn(

2026-04-15 12:25:00,860:WARNING:/opt/anaconda3/envs/pycaret311/lib/python3.11/site-packages/sklearn/metrics/_classification.py:1561: UserWarning: Note that pos_label (set to '>50K') is ignored when average != 'binary' (got 'weighted'). You may use labels=[pos_label] to specify a single positive class.
  warnings.warn(

2026-04-15 12:25:00,895:WARNING:/opt/anaconda3/envs/pycaret311/lib/python3.11/site-packages/sklearn/metrics/_classification.py:1561: UserWarning: Note that pos_label (set to '>50K') is ignored when average != 'binary' (got 'weighted'). You may use labels=[pos_label] to specify a single positive class.
  warnings.warn(

2026-04-15 12:25:00,907:WARNING:/opt/anaconda3/envs/pycaret311/lib/python3.11/site-packages/sklearn/metrics/_classification.py:1561: UserWarning: Note that pos_label (set to '>50K') is ignored when average != 'binary' (got 'weighted'). You may use labels=[pos_label] to specify a single positive class.
  warnings.warn(

2026-04-15 12:25:00,918:WARNING:/opt/anaconda3/envs/pycaret311/lib/python3.11/site-packages/sklearn/metrics/_classification.py:1561: UserWarning: Note that pos_label (set to '>50K') is ignored when average != 'binary' (got 'weighted'). You may use labels=[pos_label] to specify a single positive class.
  warnings.warn(

2026-04-15 12:25:00,949:INFO:Calculating mean and std
2026-04-15 12:25:00,951:INFO:Creating metrics dataframe
2026-04-15 12:25:00,953:INFO:Uploading results into container
2026-04-15 12:25:00,953:INFO:Uploading model into container now
2026-04-15 12:25:00,954:INFO:_master_model_container: 1
2026-04-15 12:25:00,954:INFO:_display_container: 2
2026-04-15 12:25:00,954:INFO:LogisticRegression(C=1.0, class_weight=None, dual=False, fit_intercept=True,
                   intercept_scaling=1, l1_ratio=None, max_iter=1000,
                   multi_class='auto', n_jobs=None, penalty='l2',
                   random_state=42, solver='lbfgs', tol=0.0001, verbose=0,
                   warm_start=False)
2026-04-15 12:25:00,954:INFO:create_model() successfully completed......................................
2026-04-15 12:25:01,046:INFO:SubProcess create_model() end ==================================
2026-04-15 12:25:01,046:INFO:Creating metrics dataframe
2026-04-15 12:25:01,047:INFO:Initializing K Neighbors Classifier
2026-04-15 12:25:01,047:INFO:Total runtime is 0.06697403192520142 minutes
2026-04-15 12:25:01,047:INFO:SubProcess create_model() called ==================================
2026-04-15 12:25:01,047:INFO:Initializing create_model()
2026-04-15 12:25:01,047:INFO:create_model(self=<pycaret.classification.oop.ClassificationExperiment object at 0x12c6a7790>, estimator=knn, fold=StratifiedKFold(n_splits=10, random_state=None, shuffle=False), round=4, cross_validation=True, predict=True, fit_kwargs={}, groups=None, refit=False, probability_threshold=None, experiment_custom_tags=None, verbose=False, system=False, add_to_model_list=True, metrics=None, display=<pycaret.internal.display.display.CommonDisplay object at 0x164602090>, model_only=True, return_train_score=False, error_score=0.0, kwargs={})
2026-04-15 12:25:01,047:INFO:Checking exceptions
2026-04-15 12:25:01,047:INFO:Importing libraries
2026-04-15 12:25:01,047:INFO:Copying training dataset
2026-04-15 12:25:01,055:INFO:Defining folds
2026-04-15 12:25:01,056:INFO:Declaring metric variables
2026-04-15 12:25:01,056:INFO:Importing untrained model
2026-04-15 12:25:01,056:INFO:K Neighbors Classifier Imported successfully
2026-04-15 12:25:01,056:INFO:Starting cross validation
2026-04-15 12:25:01,057:INFO:Cross validating with StratifiedKFold(n_splits=10, random_state=None, shuffle=False), n_jobs=-1
2026-04-15 12:25:04,889:WARNING:/opt/anaconda3/envs/pycaret311/lib/python3.11/site-packages/sklearn/metrics/_classification.py:1561: UserWarning: Note that pos_label (set to '>50K') is ignored when average != 'binary' (got 'weighted'). You may use labels=[pos_label] to specify a single positive class.
  warnings.warn(

2026-04-15 12:25:04,918:WARNING:/opt/anaconda3/envs/pycaret311/lib/python3.11/site-packages/sklearn/metrics/_classification.py:1561: UserWarning: Note that pos_label (set to '>50K') is ignored when average != 'binary' (got 'weighted'). You may use labels=[pos_label] to specify a single positive class.
  warnings.warn(

2026-04-15 12:25:04,926:WARNING:/opt/anaconda3/envs/pycaret311/lib/python3.11/site-packages/sklearn/metrics/_classification.py:1561: UserWarning: Note that pos_label (set to '>50K') is ignored when average != 'binary' (got 'weighted'). You may use labels=[pos_label] to specify a single positive class.
  warnings.warn(

2026-04-15 12:25:04,937:WARNING:/opt/anaconda3/envs/pycaret311/lib/python3.11/site-packages/sklearn/metrics/_classification.py:1561: UserWarning: Note that pos_label (set to '>50K') is ignored when average != 'binary' (got 'weighted'). You may use labels=[pos_label] to specify a single positive class.
  warnings.warn(

2026-04-15 12:25:04,946:WARNING:/opt/anaconda3/envs/pycaret311/lib/python3.11/site-packages/sklearn/metrics/_classification.py:1561: UserWarning: Note that pos_label (set to '>50K') is ignored when average != 'binary' (got 'weighted'). You may use labels=[pos_label] to specify a single positive class.
  warnings.warn(

2026-04-15 12:25:04,957:WARNING:/opt/anaconda3/envs/pycaret311/lib/python3.11/site-packages/sklearn/metrics/_classification.py:1561: UserWarning: Note that pos_label (set to '>50K') is ignored when average != 'binary' (got 'weighted'). You may use labels=[pos_label] to specify a single positive class.
  warnings.warn(

2026-04-15 12:25:04,974:WARNING:/opt/anaconda3/envs/pycaret311/lib/python3.11/site-packages/sklearn/metrics/_classification.py:1561: UserWarning: Note that pos_label (set to '>50K') is ignored when average != 'binary' (got 'weighted'). You may use labels=[pos_label] to specify a single positive class.
  warnings.warn(

2026-04-15 12:25:04,974:WARNING:/opt/anaconda3/envs/pycaret311/lib/python3.11/site-packages/sklearn/metrics/_classification.py:1561: UserWarning: Note that pos_label (set to '>50K') is ignored when average != 'binary' (got 'weighted'). You may use labels=[pos_label] to specify a single positive class.
  warnings.warn(

2026-04-15 12:25:04,981:WARNING:/opt/anaconda3/envs/pycaret311/lib/python3.11/site-packages/sklearn/metrics/_classification.py:1561: UserWarning: Note that pos_label (set to '>50K') is ignored when average != 'binary' (got 'weighted'). You may use labels=[pos_label] to specify a single positive class.
  warnings.warn(

2026-04-15 12:25:04,988:WARNING:/opt/anaconda3/envs/pycaret311/lib/python3.11/site-packages/sklearn/metrics/_classification.py:1561: UserWarning: Note that pos_label (set to '>50K') is ignored when average != 'binary' (got 'weighted'). You may use labels=[pos_label] to specify a single positive class.
  warnings.warn(

2026-04-15 12:25:05,007:WARNING:/opt/anaconda3/envs/pycaret311/lib/python3.11/site-packages/sklearn/metrics/_classification.py:1561: UserWarning: Note that pos_label (set to '>50K') is ignored when average != 'binary' (got 'weighted'). You may use labels=[pos_label] to specify a single positive class.
  warnings.warn(

2026-04-15 12:25:05,014:WARNING:/opt/anaconda3/envs/pycaret311/lib/python3.11/site-packages/sklearn/metrics/_classification.py:1561: UserWarning: Note that pos_label (set to '>50K') is ignored when average != 'binary' (got 'weighted'). You may use labels=[pos_label] to specify a single positive class.
  warnings.warn(

2026-04-15 12:25:05,018:WARNING:/opt/anaconda3/envs/pycaret311/lib/python3.11/site-packages/sklearn/metrics/_classification.py:1561: UserWarning: Note that pos_label (set to '>50K') is ignored when average != 'binary' (got 'weighted'). You may use labels=[pos_label] to specify a single positive class.
  warnings.warn(

2026-04-15 12:25:05,029:WARNING:/opt/anaconda3/envs/pycaret311/lib/python3.11/site-packages/sklearn/metrics/_classification.py:1561: UserWarning: Note that pos_label (set to '>50K') is ignored when average != 'binary' (got 'weighted'). You may use labels=[pos_label] to specify a single positive class.
  warnings.warn(

2026-04-15 12:25:05,032:WARNING:/opt/anaconda3/envs/pycaret311/lib/python3.11/site-packages/sklearn/metrics/_classification.py:1561: UserWarning: Note that pos_label (set to '>50K') is ignored when average != 'binary' (got 'weighted'). You may use labels=[pos_label] to specify a single positive class.
  warnings.warn(

2026-04-15 12:25:05,036:WARNING:/opt/anaconda3/envs/pycaret311/lib/python3.11/site-packages/sklearn/metrics/_classification.py:1561: UserWarning: Note that pos_label (set to '>50K') is ignored when average != 'binary' (got 'weighted'). You may use labels=[pos_label] to specify a single positive class.
  warnings.warn(

2026-04-15 12:25:05,048:WARNING:/opt/anaconda3/envs/pycaret311/lib/python3.11/site-packages/sklearn/metrics/_classification.py:1561: UserWarning: Note that pos_label (set to '>50K') is ignored when average != 'binary' (got 'weighted'). You may use labels=[pos_label] to specify a single positive class.
  warnings.warn(

2026-04-15 12:25:05,050:WARNING:/opt/anaconda3/envs/pycaret311/lib/python3.11/site-packages/sklearn/metrics/_classification.py:1561: UserWarning: Note that pos_label (set to '>50K') is ignored when average != 'binary' (got 'weighted'). You may use labels=[pos_label] to specify a single positive class.
  warnings.warn(

2026-04-15 12:25:05,055:WARNING:/opt/anaconda3/envs/pycaret311/lib/python3.11/site-packages/sklearn/metrics/_classification.py:1561: UserWarning: Note that pos_label (set to '>50K') is ignored when average != 'binary' (got 'weighted'). You may use labels=[pos_label] to specify a single positive class.
  warnings.warn(

2026-04-15 12:25:05,062:WARNING:/opt/anaconda3/envs/pycaret311/lib/python3.11/site-packages/sklearn/metrics/_classification.py:1561: UserWarning: Note that pos_label (set to '>50K') is ignored when average != 'binary' (got 'weighted'). You may use labels=[pos_label] to specify a single positive class.
  warnings.warn(

2026-04-15 12:25:05,075:WARNING:/opt/anaconda3/envs/pycaret311/lib/python3.11/site-packages/sklearn/metrics/_classification.py:1561: UserWarning: Note that pos_label (set to '>50K') is ignored when average != 'binary' (got 'weighted'). You may use labels=[pos_label] to specify a single positive class.
  warnings.warn(

2026-04-15 12:25:05,170:WARNING:/opt/anaconda3/envs/pycaret311/lib/python3.11/site-packages/sklearn/metrics/_classification.py:1561: UserWarning: Note that pos_label (set to '>50K') is ignored when average != 'binary' (got 'weighted'). You may use labels=[pos_label] to specify a single positive class.
  warnings.warn(

2026-04-15 12:25:05,186:WARNING:/opt/anaconda3/envs/pycaret311/lib/python3.11/site-packages/sklearn/metrics/_classification.py:1561: UserWarning: Note that pos_label (set to '>50K') is ignored when average != 'binary' (got 'weighted'). You may use labels=[pos_label] to specify a single positive class.
  warnings.warn(

2026-04-15 12:25:05,198:WARNING:/opt/anaconda3/envs/pycaret311/lib/python3.11/site-packages/sklearn/metrics/_classification.py:1561: UserWarning: Note that pos_label (set to '>50K') is ignored when average != 'binary' (got 'weighted'). You may use labels=[pos_label] to specify a single positive class.
  warnings.warn(

2026-04-15 12:25:07,091:WARNING:/opt/anaconda3/envs/pycaret311/lib/python3.11/site-packages/sklearn/metrics/_classification.py:1561: UserWarning: Note that pos_label (set to '>50K') is ignored when average != 'binary' (got 'weighted'). You may use labels=[pos_label] to specify a single positive class.
  warnings.warn(

2026-04-15 12:25:07,103:WARNING:/opt/anaconda3/envs/pycaret311/lib/python3.11/site-packages/sklearn/metrics/_classification.py:1561: UserWarning: Note that pos_label (set to '>50K') is ignored when average != 'binary' (got 'weighted'). You may use labels=[pos_label] to specify a single positive class.
  warnings.warn(

2026-04-15 12:25:07,115:WARNING:/opt/anaconda3/envs/pycaret311/lib/python3.11/site-packages/sklearn/metrics/_classification.py:1561: UserWarning: Note that pos_label (set to '>50K') is ignored when average != 'binary' (got 'weighted'). You may use labels=[pos_label] to specify a single positive class.
  warnings.warn(

2026-04-15 12:25:07,159:WARNING:/opt/anaconda3/envs/pycaret311/lib/python3.11/site-packages/sklearn/metrics/_classification.py:1561: UserWarning: Note that pos_label (set to '>50K') is ignored when average != 'binary' (got 'weighted'). You may use labels=[pos_label] to specify a single positive class.
  warnings.warn(

2026-04-15 12:25:07,171:WARNING:/opt/anaconda3/envs/pycaret311/lib/python3.11/site-packages/sklearn/metrics/_classification.py:1561: UserWarning: Note that pos_label (set to '>50K') is ignored when average != 'binary' (got 'weighted'). You may use labels=[pos_label] to specify a single positive class.
  warnings.warn(

2026-04-15 12:25:07,182:WARNING:/opt/anaconda3/envs/pycaret311/lib/python3.11/site-packages/sklearn/metrics/_classification.py:1561: UserWarning: Note that pos_label (set to '>50K') is ignored when average != 'binary' (got 'weighted'). You may use labels=[pos_label] to specify a single positive class.
  warnings.warn(

2026-04-15 12:25:07,214:INFO:Calculating mean and std
2026-04-15 12:25:07,215:INFO:Creating metrics dataframe
2026-04-15 12:25:07,219:INFO:Uploading results into container
2026-04-15 12:25:07,219:INFO:Uploading model into container now
2026-04-15 12:25:07,219:INFO:_master_model_container: 2
2026-04-15 12:25:07,219:INFO:_display_container: 2
2026-04-15 12:25:07,220:INFO:KNeighborsClassifier(algorithm='auto', leaf_size=30, metric='minkowski',
                     metric_params=None, n_jobs=-1, n_neighbors=5, p=2,
                     weights='uniform')
2026-04-15 12:25:07,220:INFO:create_model() successfully completed......................................
2026-04-15 12:25:07,304:INFO:SubProcess create_model() end ==================================
2026-04-15 12:25:07,304:INFO:Creating metrics dataframe
2026-04-15 12:25:07,305:INFO:Initializing Naive Bayes
2026-04-15 12:25:07,305:INFO:Total runtime is 0.17126914660135906 minutes
2026-04-15 12:25:07,305:INFO:SubProcess create_model() called ==================================
2026-04-15 12:25:07,305:INFO:Initializing create_model()
2026-04-15 12:25:07,305:INFO:create_model(self=<pycaret.classification.oop.ClassificationExperiment object at 0x12c6a7790>, estimator=nb, fold=StratifiedKFold(n_splits=10, random_state=None, shuffle=False), round=4, cross_validation=True, predict=True, fit_kwargs={}, groups=None, refit=False, probability_threshold=None, experiment_custom_tags=None, verbose=False, system=False, add_to_model_list=True, metrics=None, display=<pycaret.internal.display.display.CommonDisplay object at 0x164602090>, model_only=True, return_train_score=False, error_score=0.0, kwargs={})
2026-04-15 12:25:07,305:INFO:Checking exceptions
2026-04-15 12:25:07,305:INFO:Importing libraries
2026-04-15 12:25:07,305:INFO:Copying training dataset
2026-04-15 12:25:07,312:INFO:Defining folds
2026-04-15 12:25:07,312:INFO:Declaring metric variables
2026-04-15 12:25:07,312:INFO:Importing untrained model
2026-04-15 12:25:07,312:INFO:Naive Bayes Imported successfully
2026-04-15 12:25:07,312:INFO:Starting cross validation
2026-04-15 12:25:07,313:INFO:Cross validating with StratifiedKFold(n_splits=10, random_state=None, shuffle=False), n_jobs=-1
2026-04-15 12:25:08,445:WARNING:/opt/anaconda3/envs/pycaret311/lib/python3.11/site-packages/sklearn/metrics/_classification.py:1561: UserWarning: Note that pos_label (set to '>50K') is ignored when average != 'binary' (got 'weighted'). You may use labels=[pos_label] to specify a single positive class.
  warnings.warn(

2026-04-15 12:25:08,477:WARNING:/opt/anaconda3/envs/pycaret311/lib/python3.11/site-packages/sklearn/metrics/_classification.py:1561: UserWarning: Note that pos_label (set to '>50K') is ignored when average != 'binary' (got 'weighted'). You may use labels=[pos_label] to specify a single positive class.
  warnings.warn(

2026-04-15 12:25:08,495:WARNING:/opt/anaconda3/envs/pycaret311/lib/python3.11/site-packages/sklearn/metrics/_classification.py:1561: UserWarning: Note that pos_label (set to '>50K') is ignored when average != 'binary' (got 'weighted'). You may use labels=[pos_label] to specify a single positive class.
  warnings.warn(

2026-04-15 12:25:08,504:WARNING:/opt/anaconda3/envs/pycaret311/lib/python3.11/site-packages/sklearn/metrics/_classification.py:1561: UserWarning: Note that pos_label (set to '>50K') is ignored when average != 'binary' (got 'weighted'). You may use labels=[pos_label] to specify a single positive class.
  warnings.warn(

2026-04-15 12:25:08,513:WARNING:/opt/anaconda3/envs/pycaret311/lib/python3.11/site-packages/sklearn/metrics/_classification.py:1561: UserWarning: Note that pos_label (set to '>50K') is ignored when average != 'binary' (got 'weighted'). You may use labels=[pos_label] to specify a single positive class.
  warnings.warn(

2026-04-15 12:25:08,514:WARNING:/opt/anaconda3/envs/pycaret311/lib/python3.11/site-packages/sklearn/metrics/_classification.py:1561: UserWarning: Note that pos_label (set to '>50K') is ignored when average != 'binary' (got 'weighted'). You may use labels=[pos_label] to specify a single positive class.
  warnings.warn(

2026-04-15 12:25:08,519:WARNING:/opt/anaconda3/envs/pycaret311/lib/python3.11/site-packages/sklearn/metrics/_classification.py:1561: UserWarning: Note that pos_label (set to '>50K') is ignored when average != 'binary' (got 'weighted'). You may use labels=[pos_label] to specify a single positive class.
  warnings.warn(

2026-04-15 12:25:08,528:WARNING:/opt/anaconda3/envs/pycaret311/lib/python3.11/site-packages/sklearn/metrics/_classification.py:1561: UserWarning: Note that pos_label (set to '>50K') is ignored when average != 'binary' (got 'weighted'). You may use labels=[pos_label] to specify a single positive class.
  warnings.warn(

2026-04-15 12:25:08,530:WARNING:/opt/anaconda3/envs/pycaret311/lib/python3.11/site-packages/sklearn/metrics/_classification.py:1561: UserWarning: Note that pos_label (set to '>50K') is ignored when average != 'binary' (got 'weighted'). You may use labels=[pos_label] to specify a single positive class.
  warnings.warn(

2026-04-15 12:25:08,536:WARNING:/opt/anaconda3/envs/pycaret311/lib/python3.11/site-packages/sklearn/metrics/_classification.py:1561: UserWarning: Note that pos_label (set to '>50K') is ignored when average != 'binary' (got 'weighted'). You may use labels=[pos_label] to specify a single positive class.
  warnings.warn(

2026-04-15 12:25:08,540:WARNING:/opt/anaconda3/envs/pycaret311/lib/python3.11/site-packages/sklearn/metrics/_classification.py:1561: UserWarning: Note that pos_label (set to '>50K') is ignored when average != 'binary' (got 'weighted'). You may use labels=[pos_label] to specify a single positive class.
  warnings.warn(

2026-04-15 12:25:08,543:WARNING:/opt/anaconda3/envs/pycaret311/lib/python3.11/site-packages/sklearn/metrics/_classification.py:1561: UserWarning: Note that pos_label (set to '>50K') is ignored when average != 'binary' (got 'weighted'). You may use labels=[pos_label] to specify a single positive class.
  warnings.warn(

2026-04-15 12:25:08,545:WARNING:/opt/anaconda3/envs/pycaret311/lib/python3.11/site-packages/sklearn/metrics/_classification.py:1561: UserWarning: Note that pos_label (set to '>50K') is ignored when average != 'binary' (got 'weighted'). You may use labels=[pos_label] to specify a single positive class.
  warnings.warn(

2026-04-15 12:25:08,547:WARNING:/opt/anaconda3/envs/pycaret311/lib/python3.11/site-packages/sklearn/metrics/_classification.py:1561: UserWarning: Note that pos_label (set to '>50K') is ignored when average != 'binary' (got 'weighted'). You may use labels=[pos_label] to specify a single positive class.
  warnings.warn(

2026-04-15 12:25:08,552:WARNING:/opt/anaconda3/envs/pycaret311/lib/python3.11/site-packages/sklearn/metrics/_classification.py:1561: UserWarning: Note that pos_label (set to '>50K') is ignored when average != 'binary' (got 'weighted'). You may use labels=[pos_label] to specify a single positive class.
  warnings.warn(

2026-04-15 12:25:08,556:WARNING:/opt/anaconda3/envs/pycaret311/lib/python3.11/site-packages/sklearn/metrics/_classification.py:1561: UserWarning: Note that pos_label (set to '>50K') is ignored when average != 'binary' (got 'weighted'). You may use labels=[pos_label] to specify a single positive class.
  warnings.warn(

2026-04-15 12:25:08,565:WARNING:/opt/anaconda3/envs/pycaret311/lib/python3.11/site-packages/sklearn/metrics/_classification.py:1561: UserWarning: Note that pos_label (set to '>50K') is ignored when average != 'binary' (got 'weighted'). You may use labels=[pos_label] to specify a single positive class.
  warnings.warn(

2026-04-15 12:25:08,570:WARNING:/opt/anaconda3/envs/pycaret311/lib/python3.11/site-packages/sklearn/metrics/_classification.py:1561: UserWarning: Note that pos_label (set to '>50K') is ignored when average != 'binary' (got 'weighted'). You may use labels=[pos_label] to specify a single positive class.
  warnings.warn(

2026-04-15 12:25:08,570:WARNING:/opt/anaconda3/envs/pycaret311/lib/python3.11/site-packages/sklearn/metrics/_classification.py:1561: UserWarning: Note that pos_label (set to '>50K') is ignored when average != 'binary' (got 'weighted'). You may use labels=[pos_label] to specify a single positive class.
  warnings.warn(

2026-04-15 12:25:08,590:WARNING:/opt/anaconda3/envs/pycaret311/lib/python3.11/site-packages/sklearn/metrics/_classification.py:1561: UserWarning: Note that pos_label (set to '>50K') is ignored when average != 'binary' (got 'weighted'). You may use labels=[pos_label] to specify a single positive class.
  warnings.warn(

2026-04-15 12:25:08,595:WARNING:/opt/anaconda3/envs/pycaret311/lib/python3.11/site-packages/sklearn/metrics/_classification.py:1561: UserWarning: Note that pos_label (set to '>50K') is ignored when average != 'binary' (got 'weighted'). You may use labels=[pos_label] to specify a single positive class.
  warnings.warn(

2026-04-15 12:25:08,597:WARNING:/opt/anaconda3/envs/pycaret311/lib/python3.11/site-packages/sklearn/metrics/_classification.py:1561: UserWarning: Note that pos_label (set to '>50K') is ignored when average != 'binary' (got 'weighted'). You may use labels=[pos_label] to specify a single positive class.
  warnings.warn(

2026-04-15 12:25:08,622:WARNING:/opt/anaconda3/envs/pycaret311/lib/python3.11/site-packages/sklearn/metrics/_classification.py:1561: UserWarning: Note that pos_label (set to '>50K') is ignored when average != 'binary' (got 'weighted'). You may use labels=[pos_label] to specify a single positive class.
  warnings.warn(

2026-04-15 12:25:08,636:WARNING:/opt/anaconda3/envs/pycaret311/lib/python3.11/site-packages/sklearn/metrics/_classification.py:1561: UserWarning: Note that pos_label (set to '>50K') is ignored when average != 'binary' (got 'weighted'). You may use labels=[pos_label] to specify a single positive class.
  warnings.warn(

2026-04-15 12:25:08,937:WARNING:/opt/anaconda3/envs/pycaret311/lib/python3.11/site-packages/sklearn/metrics/_classification.py:1561: UserWarning: Note that pos_label (set to '>50K') is ignored when average != 'binary' (got 'weighted'). You may use labels=[pos_label] to specify a single positive class.
  warnings.warn(

2026-04-15 12:25:08,949:WARNING:/opt/anaconda3/envs/pycaret311/lib/python3.11/site-packages/sklearn/metrics/_classification.py:1561: UserWarning: Note that pos_label (set to '>50K') is ignored when average != 'binary' (got 'weighted'). You may use labels=[pos_label] to specify a single positive class.
  warnings.warn(

2026-04-15 12:25:08,950:WARNING:/opt/anaconda3/envs/pycaret311/lib/python3.11/site-packages/sklearn/metrics/_classification.py:1561: UserWarning: Note that pos_label (set to '>50K') is ignored when average != 'binary' (got 'weighted'). You may use labels=[pos_label] to specify a single positive class.
  warnings.warn(

2026-04-15 12:25:08,960:WARNING:/opt/anaconda3/envs/pycaret311/lib/python3.11/site-packages/sklearn/metrics/_classification.py:1561: UserWarning: Note that pos_label (set to '>50K') is ignored when average != 'binary' (got 'weighted'). You may use labels=[pos_label] to specify a single positive class.
  warnings.warn(

2026-04-15 12:25:08,962:WARNING:/opt/anaconda3/envs/pycaret311/lib/python3.11/site-packages/sklearn/metrics/_classification.py:1561: UserWarning: Note that pos_label (set to '>50K') is ignored when average != 'binary' (got 'weighted'). You may use labels=[pos_label] to specify a single positive class.
  warnings.warn(

2026-04-15 12:25:08,973:WARNING:/opt/anaconda3/envs/pycaret311/lib/python3.11/site-packages/sklearn/metrics/_classification.py:1561: UserWarning: Note that pos_label (set to '>50K') is ignored when average != 'binary' (got 'weighted'). You may use labels=[pos_label] to specify a single positive class.
  warnings.warn(

2026-04-15 12:25:09,002:INFO:Calculating mean and std
2026-04-15 12:25:09,003:INFO:Creating metrics dataframe
2026-04-15 12:25:09,006:INFO:Uploading results into container
2026-04-15 12:25:09,006:INFO:Uploading model into container now
2026-04-15 12:25:09,007:INFO:_master_model_container: 3
2026-04-15 12:25:09,007:INFO:_display_container: 2
2026-04-15 12:25:09,007:INFO:GaussianNB(priors=None, var_smoothing=1e-09)
2026-04-15 12:25:09,007:INFO:create_model() successfully completed......................................
2026-04-15 12:25:09,091:INFO:SubProcess create_model() end ==================================
2026-04-15 12:25:09,091:INFO:Creating metrics dataframe
2026-04-15 12:25:09,092:INFO:Initializing Decision Tree Classifier
2026-04-15 12:25:09,092:INFO:Total runtime is 0.201062281926473 minutes
2026-04-15 12:25:09,092:INFO:SubProcess create_model() called ==================================
2026-04-15 12:25:09,092:INFO:Initializing create_model()
2026-04-15 12:25:09,093:INFO:create_model(self=<pycaret.classification.oop.ClassificationExperiment object at 0x12c6a7790>, estimator=dt, fold=StratifiedKFold(n_splits=10, random_state=None, shuffle=False), round=4, cross_validation=True, predict=True, fit_kwargs={}, groups=None, refit=False, probability_threshold=None, experiment_custom_tags=None, verbose=False, system=False, add_to_model_list=True, metrics=None, display=<pycaret.internal.display.display.CommonDisplay object at 0x164602090>, model_only=True, return_train_score=False, error_score=0.0, kwargs={})
2026-04-15 12:25:09,093:INFO:Checking exceptions
2026-04-15 12:25:09,093:INFO:Importing libraries
2026-04-15 12:25:09,093:INFO:Copying training dataset
2026-04-15 12:25:09,100:INFO:Defining folds
2026-04-15 12:25:09,100:INFO:Declaring metric variables
2026-04-15 12:25:09,100:INFO:Importing untrained model
2026-04-15 12:25:09,100:INFO:Decision Tree Classifier Imported successfully
2026-04-15 12:25:09,100:INFO:Starting cross validation
2026-04-15 12:25:09,101:INFO:Cross validating with StratifiedKFold(n_splits=10, random_state=None, shuffle=False), n_jobs=-1
2026-04-15 12:25:10,524:WARNING:/opt/anaconda3/envs/pycaret311/lib/python3.11/site-packages/sklearn/metrics/_classification.py:1561: UserWarning: Note that pos_label (set to '>50K') is ignored when average != 'binary' (got 'weighted'). You may use labels=[pos_label] to specify a single positive class.
  warnings.warn(

2026-04-15 12:25:10,551:WARNING:/opt/anaconda3/envs/pycaret311/lib/python3.11/site-packages/sklearn/metrics/_classification.py:1561: UserWarning: Note that pos_label (set to '>50K') is ignored when average != 'binary' (got 'weighted'). You may use labels=[pos_label] to specify a single positive class.
  warnings.warn(

2026-04-15 12:25:10,554:WARNING:/opt/anaconda3/envs/pycaret311/lib/python3.11/site-packages/sklearn/metrics/_classification.py:1561: UserWarning: Note that pos_label (set to '>50K') is ignored when average != 'binary' (got 'weighted'). You may use labels=[pos_label] to specify a single positive class.
  warnings.warn(

2026-04-15 12:25:10,556:WARNING:/opt/anaconda3/envs/pycaret311/lib/python3.11/site-packages/sklearn/metrics/_classification.py:1561: UserWarning: Note that pos_label (set to '>50K') is ignored when average != 'binary' (got 'weighted'). You may use labels=[pos_label] to specify a single positive class.
  warnings.warn(

2026-04-15 12:25:10,575:WARNING:/opt/anaconda3/envs/pycaret311/lib/python3.11/site-packages/sklearn/metrics/_classification.py:1561: UserWarning: Note that pos_label (set to '>50K') is ignored when average != 'binary' (got 'weighted'). You may use labels=[pos_label] to specify a single positive class.
  warnings.warn(

2026-04-15 12:25:10,579:WARNING:/opt/anaconda3/envs/pycaret311/lib/python3.11/site-packages/sklearn/metrics/_classification.py:1561: UserWarning: Note that pos_label (set to '>50K') is ignored when average != 'binary' (got 'weighted'). You may use labels=[pos_label] to specify a single positive class.
  warnings.warn(

2026-04-15 12:25:10,580:WARNING:/opt/anaconda3/envs/pycaret311/lib/python3.11/site-packages/sklearn/metrics/_classification.py:1561: UserWarning: Note that pos_label (set to '>50K') is ignored when average != 'binary' (got 'weighted'). You may use labels=[pos_label] to specify a single positive class.
  warnings.warn(

2026-04-15 12:25:10,583:WARNING:/opt/anaconda3/envs/pycaret311/lib/python3.11/site-packages/sklearn/metrics/_classification.py:1561: UserWarning: Note that pos_label (set to '>50K') is ignored when average != 'binary' (got 'weighted'). You may use labels=[pos_label] to specify a single positive class.
  warnings.warn(

2026-04-15 12:25:10,599:WARNING:/opt/anaconda3/envs/pycaret311/lib/python3.11/site-packages/sklearn/metrics/_classification.py:1561: UserWarning: Note that pos_label (set to '>50K') is ignored when average != 'binary' (got 'weighted'). You may use labels=[pos_label] to specify a single positive class.
  warnings.warn(

2026-04-15 12:25:10,600:WARNING:/opt/anaconda3/envs/pycaret311/lib/python3.11/site-packages/sklearn/metrics/_classification.py:1561: UserWarning: Note that pos_label (set to '>50K') is ignored when average != 'binary' (got 'weighted'). You may use labels=[pos_label] to specify a single positive class.
  warnings.warn(

2026-04-15 12:25:10,604:WARNING:/opt/anaconda3/envs/pycaret311/lib/python3.11/site-packages/sklearn/metrics/_classification.py:1561: UserWarning: Note that pos_label (set to '>50K') is ignored when average != 'binary' (got 'weighted'). You may use labels=[pos_label] to specify a single positive class.
  warnings.warn(

2026-04-15 12:25:10,621:WARNING:/opt/anaconda3/envs/pycaret311/lib/python3.11/site-packages/sklearn/metrics/_classification.py:1561: UserWarning: Note that pos_label (set to '>50K') is ignored when average != 'binary' (got 'weighted'). You may use labels=[pos_label] to specify a single positive class.
  warnings.warn(

2026-04-15 12:25:10,625:WARNING:/opt/anaconda3/envs/pycaret311/lib/python3.11/site-packages/sklearn/metrics/_classification.py:1561: UserWarning: Note that pos_label (set to '>50K') is ignored when average != 'binary' (got 'weighted'). You may use labels=[pos_label] to specify a single positive class.
  warnings.warn(

2026-04-15 12:25:10,636:WARNING:/opt/anaconda3/envs/pycaret311/lib/python3.11/site-packages/sklearn/metrics/_classification.py:1561: UserWarning: Note that pos_label (set to '>50K') is ignored when average != 'binary' (got 'weighted'). You may use labels=[pos_label] to specify a single positive class.
  warnings.warn(

2026-04-15 12:25:10,647:WARNING:/opt/anaconda3/envs/pycaret311/lib/python3.11/site-packages/sklearn/metrics/_classification.py:1561: UserWarning: Note that pos_label (set to '>50K') is ignored when average != 'binary' (got 'weighted'). You may use labels=[pos_label] to specify a single positive class.
  warnings.warn(

2026-04-15 12:25:10,653:WARNING:/opt/anaconda3/envs/pycaret311/lib/python3.11/site-packages/sklearn/metrics/_classification.py:1561: UserWarning: Note that pos_label (set to '>50K') is ignored when average != 'binary' (got 'weighted'). You may use labels=[pos_label] to specify a single positive class.
  warnings.warn(

2026-04-15 12:25:10,661:WARNING:/opt/anaconda3/envs/pycaret311/lib/python3.11/site-packages/sklearn/metrics/_classification.py:1561: UserWarning: Note that pos_label (set to '>50K') is ignored when average != 'binary' (got 'weighted'). You may use labels=[pos_label] to specify a single positive class.
  warnings.warn(

2026-04-15 12:25:10,668:WARNING:/opt/anaconda3/envs/pycaret311/lib/python3.11/site-packages/sklearn/metrics/_classification.py:1561: UserWarning: Note that pos_label (set to '>50K') is ignored when average != 'binary' (got 'weighted'). You may use labels=[pos_label] to specify a single positive class.
  warnings.warn(

2026-04-15 12:25:10,670:WARNING:/opt/anaconda3/envs/pycaret311/lib/python3.11/site-packages/sklearn/metrics/_classification.py:1561: UserWarning: Note that pos_label (set to '>50K') is ignored when average != 'binary' (got 'weighted'). You may use labels=[pos_label] to specify a single positive class.
  warnings.warn(

2026-04-15 12:25:10,688:WARNING:/opt/anaconda3/envs/pycaret311/lib/python3.11/site-packages/sklearn/metrics/_classification.py:1561: UserWarning: Note that pos_label (set to '>50K') is ignored when average != 'binary' (got 'weighted'). You may use labels=[pos_label] to specify a single positive class.
  warnings.warn(

2026-04-15 12:25:10,691:WARNING:/opt/anaconda3/envs/pycaret311/lib/python3.11/site-packages/sklearn/metrics/_classification.py:1561: UserWarning: Note that pos_label (set to '>50K') is ignored when average != 'binary' (got 'weighted'). You may use labels=[pos_label] to specify a single positive class.
  warnings.warn(

2026-04-15 12:25:10,702:WARNING:/opt/anaconda3/envs/pycaret311/lib/python3.11/site-packages/sklearn/metrics/_classification.py:1561: UserWarning: Note that pos_label (set to '>50K') is ignored when average != 'binary' (got 'weighted'). You may use labels=[pos_label] to specify a single positive class.
  warnings.warn(

2026-04-15 12:25:10,705:WARNING:/opt/anaconda3/envs/pycaret311/lib/python3.11/site-packages/sklearn/metrics/_classification.py:1561: UserWarning: Note that pos_label (set to '>50K') is ignored when average != 'binary' (got 'weighted'). You may use labels=[pos_label] to specify a single positive class.
  warnings.warn(

2026-04-15 12:25:10,718:WARNING:/opt/anaconda3/envs/pycaret311/lib/python3.11/site-packages/sklearn/metrics/_classification.py:1561: UserWarning: Note that pos_label (set to '>50K') is ignored when average != 'binary' (got 'weighted'). You may use labels=[pos_label] to specify a single positive class.
  warnings.warn(

2026-04-15 12:25:11,157:WARNING:/opt/anaconda3/envs/pycaret311/lib/python3.11/site-packages/sklearn/metrics/_classification.py:1561: UserWarning: Note that pos_label (set to '>50K') is ignored when average != 'binary' (got 'weighted'). You may use labels=[pos_label] to specify a single positive class.
  warnings.warn(

2026-04-15 12:25:11,165:WARNING:/opt/anaconda3/envs/pycaret311/lib/python3.11/site-packages/sklearn/metrics/_classification.py:1561: UserWarning: Note that pos_label (set to '>50K') is ignored when average != 'binary' (got 'weighted'). You may use labels=[pos_label] to specify a single positive class.
  warnings.warn(

2026-04-15 12:25:11,169:WARNING:/opt/anaconda3/envs/pycaret311/lib/python3.11/site-packages/sklearn/metrics/_classification.py:1561: UserWarning: Note that pos_label (set to '>50K') is ignored when average != 'binary' (got 'weighted'). You may use labels=[pos_label] to specify a single positive class.
  warnings.warn(

2026-04-15 12:25:11,177:WARNING:/opt/anaconda3/envs/pycaret311/lib/python3.11/site-packages/sklearn/metrics/_classification.py:1561: UserWarning: Note that pos_label (set to '>50K') is ignored when average != 'binary' (got 'weighted'). You may use labels=[pos_label] to specify a single positive class.
  warnings.warn(

2026-04-15 12:25:11,181:WARNING:/opt/anaconda3/envs/pycaret311/lib/python3.11/site-packages/sklearn/metrics/_classification.py:1561: UserWarning: Note that pos_label (set to '>50K') is ignored when average != 'binary' (got 'weighted'). You may use labels=[pos_label] to specify a single positive class.
  warnings.warn(

2026-04-15 12:25:11,189:WARNING:/opt/anaconda3/envs/pycaret311/lib/python3.11/site-packages/sklearn/metrics/_classification.py:1561: UserWarning: Note that pos_label (set to '>50K') is ignored when average != 'binary' (got 'weighted'). You may use labels=[pos_label] to specify a single positive class.
  warnings.warn(

2026-04-15 12:25:11,213:INFO:Calculating mean and std
2026-04-15 12:25:11,214:INFO:Creating metrics dataframe
2026-04-15 12:25:11,217:INFO:Uploading results into container
2026-04-15 12:25:11,218:INFO:Uploading model into container now
2026-04-15 12:25:11,218:INFO:_master_model_container: 4
2026-04-15 12:25:11,218:INFO:_display_container: 2
2026-04-15 12:25:11,219:INFO:DecisionTreeClassifier(ccp_alpha=0.0, class_weight=None, criterion='gini',
                       max_depth=None, max_features=None, max_leaf_nodes=None,
                       min_impurity_decrease=0.0, min_samples_leaf=1,
                       min_samples_split=2, min_weight_fraction_leaf=0.0,
                       monotonic_cst=None, random_state=42, splitter='best')
2026-04-15 12:25:11,219:INFO:create_model() successfully completed......................................
2026-04-15 12:25:11,306:INFO:SubProcess create_model() end ==================================
2026-04-15 12:25:11,306:INFO:Creating metrics dataframe
2026-04-15 12:25:11,307:INFO:Initializing SVM - Linear Kernel
2026-04-15 12:25:11,307:INFO:Total runtime is 0.23797153234481813 minutes
2026-04-15 12:25:11,307:INFO:SubProcess create_model() called ==================================
2026-04-15 12:25:11,307:INFO:Initializing create_model()
2026-04-15 12:25:11,307:INFO:create_model(self=<pycaret.classification.oop.ClassificationExperiment object at 0x12c6a7790>, estimator=svm, fold=StratifiedKFold(n_splits=10, random_state=None, shuffle=False), round=4, cross_validation=True, predict=True, fit_kwargs={}, groups=None, refit=False, probability_threshold=None, experiment_custom_tags=None, verbose=False, system=False, add_to_model_list=True, metrics=None, display=<pycaret.internal.display.display.CommonDisplay object at 0x164602090>, model_only=True, return_train_score=False, error_score=0.0, kwargs={})
2026-04-15 12:25:11,307:INFO:Checking exceptions
2026-04-15 12:25:11,307:INFO:Importing libraries
2026-04-15 12:25:11,307:INFO:Copying training dataset
2026-04-15 12:25:11,315:INFO:Defining folds
2026-04-15 12:25:11,315:INFO:Declaring metric variables
2026-04-15 12:25:11,315:INFO:Importing untrained model
2026-04-15 12:25:11,315:INFO:SVM - Linear Kernel Imported successfully
2026-04-15 12:25:11,315:INFO:Starting cross validation
2026-04-15 12:25:11,316:INFO:Cross validating with StratifiedKFold(n_splits=10, random_state=None, shuffle=False), n_jobs=-1
2026-04-15 12:25:12,780:WARNING:/opt/anaconda3/envs/pycaret311/lib/python3.11/site-packages/sklearn/metrics/_classification.py:1561: UserWarning: Note that pos_label (set to '>50K') is ignored when average != 'binary' (got 'weighted'). You may use labels=[pos_label] to specify a single positive class.
  warnings.warn(

2026-04-15 12:25:12,794:WARNING:/opt/anaconda3/envs/pycaret311/lib/python3.11/site-packages/sklearn/metrics/_classification.py:1561: UserWarning: Note that pos_label (set to '>50K') is ignored when average != 'binary' (got 'weighted'). You may use labels=[pos_label] to specify a single positive class.
  warnings.warn(

2026-04-15 12:25:12,815:WARNING:/opt/anaconda3/envs/pycaret311/lib/python3.11/site-packages/sklearn/metrics/_classification.py:1561: UserWarning: Note that pos_label (set to '>50K') is ignored when average != 'binary' (got 'weighted'). You may use labels=[pos_label] to specify a single positive class.
  warnings.warn(

2026-04-15 12:25:12,824:WARNING:/opt/anaconda3/envs/pycaret311/lib/python3.11/site-packages/sklearn/metrics/_classification.py:1561: UserWarning: Note that pos_label (set to '>50K') is ignored when average != 'binary' (got 'weighted'). You may use labels=[pos_label] to specify a single positive class.
  warnings.warn(

2026-04-15 12:25:12,837:WARNING:/opt/anaconda3/envs/pycaret311/lib/python3.11/site-packages/sklearn/metrics/_classification.py:1561: UserWarning: Note that pos_label (set to '>50K') is ignored when average != 'binary' (got 'weighted'). You may use labels=[pos_label] to specify a single positive class.
  warnings.warn(

2026-04-15 12:25:12,841:WARNING:/opt/anaconda3/envs/pycaret311/lib/python3.11/site-packages/sklearn/metrics/_classification.py:1561: UserWarning: Note that pos_label (set to '>50K') is ignored when average != 'binary' (got 'weighted'). You may use labels=[pos_label] to specify a single positive class.
  warnings.warn(

2026-04-15 12:25:12,853:WARNING:/opt/anaconda3/envs/pycaret311/lib/python3.11/site-packages/sklearn/metrics/_classification.py:1561: UserWarning: Note that pos_label (set to '>50K') is ignored when average != 'binary' (got 'weighted'). You may use labels=[pos_label] to specify a single positive class.
  warnings.warn(

2026-04-15 12:25:12,870:WARNING:/opt/anaconda3/envs/pycaret311/lib/python3.11/site-packages/sklearn/metrics/_classification.py:1561: UserWarning: Note that pos_label (set to '>50K') is ignored when average != 'binary' (got 'weighted'). You may use labels=[pos_label] to specify a single positive class.
  warnings.warn(

2026-04-15 12:25:12,873:WARNING:/opt/anaconda3/envs/pycaret311/lib/python3.11/site-packages/sklearn/metrics/_classification.py:1561: UserWarning: Note that pos_label (set to '>50K') is ignored when average != 'binary' (got 'weighted'). You may use labels=[pos_label] to specify a single positive class.
  warnings.warn(

2026-04-15 12:25:12,909:WARNING:/opt/anaconda3/envs/pycaret311/lib/python3.11/site-packages/sklearn/metrics/_classification.py:1561: UserWarning: Note that pos_label (set to '>50K') is ignored when average != 'binary' (got 'weighted'). You may use labels=[pos_label] to specify a single positive class.
  warnings.warn(

2026-04-15 12:25:12,912:WARNING:/opt/anaconda3/envs/pycaret311/lib/python3.11/site-packages/sklearn/metrics/_classification.py:1561: UserWarning: Note that pos_label (set to '>50K') is ignored when average != 'binary' (got 'weighted'). You may use labels=[pos_label] to specify a single positive class.
  warnings.warn(

2026-04-15 12:25:12,919:WARNING:/opt/anaconda3/envs/pycaret311/lib/python3.11/site-packages/sklearn/metrics/_classification.py:1561: UserWarning: Note that pos_label (set to '>50K') is ignored when average != 'binary' (got 'weighted'). You may use labels=[pos_label] to specify a single positive class.
  warnings.warn(

2026-04-15 12:25:12,921:WARNING:/opt/anaconda3/envs/pycaret311/lib/python3.11/site-packages/sklearn/metrics/_classification.py:1561: UserWarning: Note that pos_label (set to '>50K') is ignored when average != 'binary' (got 'weighted'). You may use labels=[pos_label] to specify a single positive class.
  warnings.warn(

2026-04-15 12:25:12,930:WARNING:/opt/anaconda3/envs/pycaret311/lib/python3.11/site-packages/sklearn/metrics/_classification.py:1561: UserWarning: Note that pos_label (set to '>50K') is ignored when average != 'binary' (got 'weighted'). You may use labels=[pos_label] to specify a single positive class.
  warnings.warn(

2026-04-15 12:25:12,935:WARNING:/opt/anaconda3/envs/pycaret311/lib/python3.11/site-packages/sklearn/metrics/_classification.py:1561: UserWarning: Note that pos_label (set to '>50K') is ignored when average != 'binary' (got 'weighted'). You may use labels=[pos_label] to specify a single positive class.
  warnings.warn(

2026-04-15 12:25:12,937:WARNING:/opt/anaconda3/envs/pycaret311/lib/python3.11/site-packages/sklearn/metrics/_classification.py:1561: UserWarning: Note that pos_label (set to '>50K') is ignored when average != 'binary' (got 'weighted'). You may use labels=[pos_label] to specify a single positive class.
  warnings.warn(

2026-04-15 12:25:12,943:WARNING:/opt/anaconda3/envs/pycaret311/lib/python3.11/site-packages/sklearn/metrics/_classification.py:1561: UserWarning: Note that pos_label (set to '>50K') is ignored when average != 'binary' (got 'weighted'). You may use labels=[pos_label] to specify a single positive class.
  warnings.warn(

2026-04-15 12:25:12,950:WARNING:/opt/anaconda3/envs/pycaret311/lib/python3.11/site-packages/sklearn/metrics/_classification.py:1561: UserWarning: Note that pos_label (set to '>50K') is ignored when average != 'binary' (got 'weighted'). You may use labels=[pos_label] to specify a single positive class.
  warnings.warn(

2026-04-15 12:25:12,955:WARNING:/opt/anaconda3/envs/pycaret311/lib/python3.11/site-packages/sklearn/metrics/_classification.py:1561: UserWarning: Note that pos_label (set to '>50K') is ignored when average != 'binary' (got 'weighted'). You may use labels=[pos_label] to specify a single positive class.
  warnings.warn(

2026-04-15 12:25:12,957:WARNING:/opt/anaconda3/envs/pycaret311/lib/python3.11/site-packages/sklearn/metrics/_classification.py:1561: UserWarning: Note that pos_label (set to '>50K') is ignored when average != 'binary' (got 'weighted'). You may use labels=[pos_label] to specify a single positive class.
  warnings.warn(

2026-04-15 12:25:12,961:WARNING:/opt/anaconda3/envs/pycaret311/lib/python3.11/site-packages/sklearn/metrics/_classification.py:1561: UserWarning: Note that pos_label (set to '>50K') is ignored when average != 'binary' (got 'weighted'). You may use labels=[pos_label] to specify a single positive class.
  warnings.warn(

2026-04-15 12:25:13,054:WARNING:/opt/anaconda3/envs/pycaret311/lib/python3.11/site-packages/sklearn/metrics/_classification.py:1561: UserWarning: Note that pos_label (set to '>50K') is ignored when average != 'binary' (got 'weighted'). You may use labels=[pos_label] to specify a single positive class.
  warnings.warn(

2026-04-15 12:25:13,069:WARNING:/opt/anaconda3/envs/pycaret311/lib/python3.11/site-packages/sklearn/metrics/_classification.py:1561: UserWarning: Note that pos_label (set to '>50K') is ignored when average != 'binary' (got 'weighted'). You may use labels=[pos_label] to specify a single positive class.
  warnings.warn(

2026-04-15 12:25:13,083:WARNING:/opt/anaconda3/envs/pycaret311/lib/python3.11/site-packages/sklearn/metrics/_classification.py:1561: UserWarning: Note that pos_label (set to '>50K') is ignored when average != 'binary' (got 'weighted'). You may use labels=[pos_label] to specify a single positive class.
  warnings.warn(

2026-04-15 12:25:13,527:WARNING:/opt/anaconda3/envs/pycaret311/lib/python3.11/site-packages/sklearn/metrics/_classification.py:1561: UserWarning: Note that pos_label (set to '>50K') is ignored when average != 'binary' (got 'weighted'). You may use labels=[pos_label] to specify a single positive class.
  warnings.warn(

2026-04-15 12:25:13,527:WARNING:/opt/anaconda3/envs/pycaret311/lib/python3.11/site-packages/sklearn/metrics/_classification.py:1561: UserWarning: Note that pos_label (set to '>50K') is ignored when average != 'binary' (got 'weighted'). You may use labels=[pos_label] to specify a single positive class.
  warnings.warn(

2026-04-15 12:25:13,539:WARNING:/opt/anaconda3/envs/pycaret311/lib/python3.11/site-packages/sklearn/metrics/_classification.py:1561: UserWarning: Note that pos_label (set to '>50K') is ignored when average != 'binary' (got 'weighted'). You may use labels=[pos_label] to specify a single positive class.
  warnings.warn(

2026-04-15 12:25:13,539:WARNING:/opt/anaconda3/envs/pycaret311/lib/python3.11/site-packages/sklearn/metrics/_classification.py:1561: UserWarning: Note that pos_label (set to '>50K') is ignored when average != 'binary' (got 'weighted'). You may use labels=[pos_label] to specify a single positive class.
  warnings.warn(

2026-04-15 12:25:13,550:WARNING:/opt/anaconda3/envs/pycaret311/lib/python3.11/site-packages/sklearn/metrics/_classification.py:1561: UserWarning: Note that pos_label (set to '>50K') is ignored when average != 'binary' (got 'weighted'). You may use labels=[pos_label] to specify a single positive class.
  warnings.warn(

2026-04-15 12:25:13,551:WARNING:/opt/anaconda3/envs/pycaret311/lib/python3.11/site-packages/sklearn/metrics/_classification.py:1561: UserWarning: Note that pos_label (set to '>50K') is ignored when average != 'binary' (got 'weighted'). You may use labels=[pos_label] to specify a single positive class.
  warnings.warn(

2026-04-15 12:25:13,578:INFO:Calculating mean and std
2026-04-15 12:25:13,578:INFO:Creating metrics dataframe
2026-04-15 12:25:13,583:INFO:Uploading results into container
2026-04-15 12:25:13,583:INFO:Uploading model into container now
2026-04-15 12:25:13,584:INFO:_master_model_container: 5
2026-04-15 12:25:13,584:INFO:_display_container: 2
2026-04-15 12:25:13,584:INFO:SGDClassifier(alpha=0.0001, average=False, class_weight=None,
              early_stopping=False, epsilon=0.1, eta0=0.001, fit_intercept=True,
              l1_ratio=0.15, learning_rate='optimal', loss='hinge',
              max_iter=1000, n_iter_no_change=5, n_jobs=-1, penalty='l2',
              power_t=0.5, random_state=42, shuffle=True, tol=0.001,
              validation_fraction=0.1, verbose=0, warm_start=False)
2026-04-15 12:25:13,584:INFO:create_model() successfully completed......................................
2026-04-15 12:25:13,665:INFO:SubProcess create_model() end ==================================
2026-04-15 12:25:13,665:INFO:Creating metrics dataframe
2026-04-15 12:25:13,666:INFO:Initializing Ridge Classifier
2026-04-15 12:25:13,666:INFO:Total runtime is 0.2772930860519409 minutes
2026-04-15 12:25:13,666:INFO:SubProcess create_model() called ==================================
2026-04-15 12:25:13,666:INFO:Initializing create_model()
2026-04-15 12:25:13,666:INFO:create_model(self=<pycaret.classification.oop.ClassificationExperiment object at 0x12c6a7790>, estimator=ridge, fold=StratifiedKFold(n_splits=10, random_state=None, shuffle=False), round=4, cross_validation=True, predict=True, fit_kwargs={}, groups=None, refit=False, probability_threshold=None, experiment_custom_tags=None, verbose=False, system=False, add_to_model_list=True, metrics=None, display=<pycaret.internal.display.display.CommonDisplay object at 0x164602090>, model_only=True, return_train_score=False, error_score=0.0, kwargs={})
2026-04-15 12:25:13,666:INFO:Checking exceptions
2026-04-15 12:25:13,666:INFO:Importing libraries
2026-04-15 12:25:13,667:INFO:Copying training dataset
2026-04-15 12:25:13,674:INFO:Defining folds
2026-04-15 12:25:13,674:INFO:Declaring metric variables
2026-04-15 12:25:13,674:INFO:Importing untrained model
2026-04-15 12:25:13,674:INFO:Ridge Classifier Imported successfully
2026-04-15 12:25:13,674:INFO:Starting cross validation
2026-04-15 12:25:13,675:INFO:Cross validating with StratifiedKFold(n_splits=10, random_state=None, shuffle=False), n_jobs=-1
2026-04-15 12:25:14,756:WARNING:/opt/anaconda3/envs/pycaret311/lib/python3.11/site-packages/sklearn/metrics/_classification.py:1561: UserWarning: Note that pos_label (set to '>50K') is ignored when average != 'binary' (got 'weighted'). You may use labels=[pos_label] to specify a single positive class.
  warnings.warn(

2026-04-15 12:25:14,778:WARNING:/opt/anaconda3/envs/pycaret311/lib/python3.11/site-packages/sklearn/metrics/_classification.py:1561: UserWarning: Note that pos_label (set to '>50K') is ignored when average != 'binary' (got 'weighted'). You may use labels=[pos_label] to specify a single positive class.
  warnings.warn(

2026-04-15 12:25:14,782:WARNING:/opt/anaconda3/envs/pycaret311/lib/python3.11/site-packages/sklearn/metrics/_classification.py:1561: UserWarning: Note that pos_label (set to '>50K') is ignored when average != 'binary' (got 'weighted'). You may use labels=[pos_label] to specify a single positive class.
  warnings.warn(

2026-04-15 12:25:14,788:WARNING:/opt/anaconda3/envs/pycaret311/lib/python3.11/site-packages/sklearn/metrics/_classification.py:1561: UserWarning: Note that pos_label (set to '>50K') is ignored when average != 'binary' (got 'weighted'). You may use labels=[pos_label] to specify a single positive class.
  warnings.warn(

2026-04-15 12:25:14,814:WARNING:/opt/anaconda3/envs/pycaret311/lib/python3.11/site-packages/sklearn/metrics/_classification.py:1561: UserWarning: Note that pos_label (set to '>50K') is ignored when average != 'binary' (got 'weighted'). You may use labels=[pos_label] to specify a single positive class.
  warnings.warn(

2026-04-15 12:25:14,828:WARNING:/opt/anaconda3/envs/pycaret311/lib/python3.11/site-packages/sklearn/metrics/_classification.py:1561: UserWarning: Note that pos_label (set to '>50K') is ignored when average != 'binary' (got 'weighted'). You may use labels=[pos_label] to specify a single positive class.
  warnings.warn(

2026-04-15 12:25:14,834:WARNING:/opt/anaconda3/envs/pycaret311/lib/python3.11/site-packages/sklearn/metrics/_classification.py:1561: UserWarning: Note that pos_label (set to '>50K') is ignored when average != 'binary' (got 'weighted'). You may use labels=[pos_label] to specify a single positive class.
  warnings.warn(

2026-04-15 12:25:14,836:WARNING:/opt/anaconda3/envs/pycaret311/lib/python3.11/site-packages/sklearn/metrics/_classification.py:1561: UserWarning: Note that pos_label (set to '>50K') is ignored when average != 'binary' (got 'weighted'). You may use labels=[pos_label] to specify a single positive class.
  warnings.warn(

2026-04-15 12:25:14,856:WARNING:/opt/anaconda3/envs/pycaret311/lib/python3.11/site-packages/sklearn/metrics/_classification.py:1561: UserWarning: Note that pos_label (set to '>50K') is ignored when average != 'binary' (got 'weighted'). You may use labels=[pos_label] to specify a single positive class.
  warnings.warn(

2026-04-15 12:25:14,860:WARNING:/opt/anaconda3/envs/pycaret311/lib/python3.11/site-packages/sklearn/metrics/_classification.py:1561: UserWarning: Note that pos_label (set to '>50K') is ignored when average != 'binary' (got 'weighted'). You may use labels=[pos_label] to specify a single positive class.
  warnings.warn(

2026-04-15 12:25:14,861:WARNING:/opt/anaconda3/envs/pycaret311/lib/python3.11/site-packages/sklearn/metrics/_classification.py:1561: UserWarning: Note that pos_label (set to '>50K') is ignored when average != 'binary' (got 'weighted'). You may use labels=[pos_label] to specify a single positive class.
  warnings.warn(

2026-04-15 12:25:14,863:WARNING:/opt/anaconda3/envs/pycaret311/lib/python3.11/site-packages/sklearn/metrics/_classification.py:1561: UserWarning: Note that pos_label (set to '>50K') is ignored when average != 'binary' (got 'weighted'). You may use labels=[pos_label] to specify a single positive class.
  warnings.warn(

2026-04-15 12:25:14,874:WARNING:/opt/anaconda3/envs/pycaret311/lib/python3.11/site-packages/sklearn/metrics/_classification.py:1561: UserWarning: Note that pos_label (set to '>50K') is ignored when average != 'binary' (got 'weighted'). You may use labels=[pos_label] to specify a single positive class.
  warnings.warn(

2026-04-15 12:25:14,881:WARNING:/opt/anaconda3/envs/pycaret311/lib/python3.11/site-packages/sklearn/metrics/_classification.py:1561: UserWarning: Note that pos_label (set to '>50K') is ignored when average != 'binary' (got 'weighted'). You may use labels=[pos_label] to specify a single positive class.
  warnings.warn(

2026-04-15 12:25:14,892:WARNING:/opt/anaconda3/envs/pycaret311/lib/python3.11/site-packages/sklearn/metrics/_classification.py:1561: UserWarning: Note that pos_label (set to '>50K') is ignored when average != 'binary' (got 'weighted'). You may use labels=[pos_label] to specify a single positive class.
  warnings.warn(

2026-04-15 12:25:14,902:WARNING:/opt/anaconda3/envs/pycaret311/lib/python3.11/site-packages/sklearn/metrics/_classification.py:1561: UserWarning: Note that pos_label (set to '>50K') is ignored when average != 'binary' (got 'weighted'). You may use labels=[pos_label] to specify a single positive class.
  warnings.warn(

2026-04-15 12:25:14,910:WARNING:/opt/anaconda3/envs/pycaret311/lib/python3.11/site-packages/sklearn/metrics/_classification.py:1561: UserWarning: Note that pos_label (set to '>50K') is ignored when average != 'binary' (got 'weighted'). You may use labels=[pos_label] to specify a single positive class.
  warnings.warn(

2026-04-15 12:25:14,918:WARNING:/opt/anaconda3/envs/pycaret311/lib/python3.11/site-packages/sklearn/metrics/_classification.py:1561: UserWarning: Note that pos_label (set to '>50K') is ignored when average != 'binary' (got 'weighted'). You may use labels=[pos_label] to specify a single positive class.
  warnings.warn(

2026-04-15 12:25:14,921:WARNING:/opt/anaconda3/envs/pycaret311/lib/python3.11/site-packages/sklearn/metrics/_classification.py:1561: UserWarning: Note that pos_label (set to '>50K') is ignored when average != 'binary' (got 'weighted'). You may use labels=[pos_label] to specify a single positive class.
  warnings.warn(

2026-04-15 12:25:14,940:WARNING:/opt/anaconda3/envs/pycaret311/lib/python3.11/site-packages/sklearn/metrics/_classification.py:1561: UserWarning: Note that pos_label (set to '>50K') is ignored when average != 'binary' (got 'weighted'). You may use labels=[pos_label] to specify a single positive class.
  warnings.warn(

2026-04-15 12:25:14,948:WARNING:/opt/anaconda3/envs/pycaret311/lib/python3.11/site-packages/sklearn/metrics/_classification.py:1561: UserWarning: Note that pos_label (set to '>50K') is ignored when average != 'binary' (got 'weighted'). You may use labels=[pos_label] to specify a single positive class.
  warnings.warn(

2026-04-15 12:25:14,954:WARNING:/opt/anaconda3/envs/pycaret311/lib/python3.11/site-packages/sklearn/metrics/_classification.py:1561: UserWarning: Note that pos_label (set to '>50K') is ignored when average != 'binary' (got 'weighted'). You may use labels=[pos_label] to specify a single positive class.
  warnings.warn(

2026-04-15 12:25:14,965:WARNING:/opt/anaconda3/envs/pycaret311/lib/python3.11/site-packages/sklearn/metrics/_classification.py:1561: UserWarning: Note that pos_label (set to '>50K') is ignored when average != 'binary' (got 'weighted'). You may use labels=[pos_label] to specify a single positive class.
  warnings.warn(

2026-04-15 12:25:14,978:WARNING:/opt/anaconda3/envs/pycaret311/lib/python3.11/site-packages/sklearn/metrics/_classification.py:1561: UserWarning: Note that pos_label (set to '>50K') is ignored when average != 'binary' (got 'weighted'). You may use labels=[pos_label] to specify a single positive class.
  warnings.warn(

2026-04-15 12:25:15,275:WARNING:/opt/anaconda3/envs/pycaret311/lib/python3.11/site-packages/sklearn/metrics/_classification.py:1561: UserWarning: Note that pos_label (set to '>50K') is ignored when average != 'binary' (got 'weighted'). You may use labels=[pos_label] to specify a single positive class.
  warnings.warn(

2026-04-15 12:25:15,285:WARNING:/opt/anaconda3/envs/pycaret311/lib/python3.11/site-packages/sklearn/metrics/_classification.py:1561: UserWarning: Note that pos_label (set to '>50K') is ignored when average != 'binary' (got 'weighted'). You may use labels=[pos_label] to specify a single positive class.
  warnings.warn(

2026-04-15 12:25:15,287:WARNING:/opt/anaconda3/envs/pycaret311/lib/python3.11/site-packages/sklearn/metrics/_classification.py:1561: UserWarning: Note that pos_label (set to '>50K') is ignored when average != 'binary' (got 'weighted'). You may use labels=[pos_label] to specify a single positive class.
  warnings.warn(

2026-04-15 12:25:15,296:WARNING:/opt/anaconda3/envs/pycaret311/lib/python3.11/site-packages/sklearn/metrics/_classification.py:1561: UserWarning: Note that pos_label (set to '>50K') is ignored when average != 'binary' (got 'weighted'). You may use labels=[pos_label] to specify a single positive class.
  warnings.warn(

2026-04-15 12:25:15,299:WARNING:/opt/anaconda3/envs/pycaret311/lib/python3.11/site-packages/sklearn/metrics/_classification.py:1561: UserWarning: Note that pos_label (set to '>50K') is ignored when average != 'binary' (got 'weighted'). You may use labels=[pos_label] to specify a single positive class.
  warnings.warn(

2026-04-15 12:25:15,308:WARNING:/opt/anaconda3/envs/pycaret311/lib/python3.11/site-packages/sklearn/metrics/_classification.py:1561: UserWarning: Note that pos_label (set to '>50K') is ignored when average != 'binary' (got 'weighted'). You may use labels=[pos_label] to specify a single positive class.
  warnings.warn(

2026-04-15 12:25:15,333:INFO:Calculating mean and std
2026-04-15 12:25:15,333:INFO:Creating metrics dataframe
2026-04-15 12:25:15,336:INFO:Uploading results into container
2026-04-15 12:25:15,337:INFO:Uploading model into container now
2026-04-15 12:25:15,338:INFO:_master_model_container: 6
2026-04-15 12:25:15,338:INFO:_display_container: 2
2026-04-15 12:25:15,338:INFO:RidgeClassifier(alpha=1.0, class_weight=None, copy_X=True, fit_intercept=True,
                max_iter=None, positive=False, random_state=42, solver='auto',
                tol=0.0001)
2026-04-15 12:25:15,338:INFO:create_model() successfully completed......................................
2026-04-15 12:25:15,430:INFO:SubProcess create_model() end ==================================
2026-04-15 12:25:15,430:INFO:Creating metrics dataframe
2026-04-15 12:25:15,431:INFO:Initializing Random Forest Classifier
2026-04-15 12:25:15,431:INFO:Total runtime is 0.306712015469869 minutes
2026-04-15 12:25:15,431:INFO:SubProcess create_model() called ==================================
2026-04-15 12:25:15,431:INFO:Initializing create_model()
2026-04-15 12:25:15,432:INFO:create_model(self=<pycaret.classification.oop.ClassificationExperiment object at 0x12c6a7790>, estimator=rf, fold=StratifiedKFold(n_splits=10, random_state=None, shuffle=False), round=4, cross_validation=True, predict=True, fit_kwargs={}, groups=None, refit=False, probability_threshold=None, experiment_custom_tags=None, verbose=False, system=False, add_to_model_list=True, metrics=None, display=<pycaret.internal.display.display.CommonDisplay object at 0x164602090>, model_only=True, return_train_score=False, error_score=0.0, kwargs={})
2026-04-15 12:25:15,432:INFO:Checking exceptions
2026-04-15 12:25:15,432:INFO:Importing libraries
2026-04-15 12:25:15,432:INFO:Copying training dataset
2026-04-15 12:25:15,439:INFO:Defining folds
2026-04-15 12:25:15,439:INFO:Declaring metric variables
2026-04-15 12:25:15,439:INFO:Importing untrained model
2026-04-15 12:25:15,439:INFO:Random Forest Classifier Imported successfully
2026-04-15 12:25:15,439:INFO:Starting cross validation
2026-04-15 12:25:15,440:INFO:Cross validating with StratifiedKFold(n_splits=10, random_state=None, shuffle=False), n_jobs=-1
2026-04-15 12:25:20,674:WARNING:/opt/anaconda3/envs/pycaret311/lib/python3.11/site-packages/sklearn/metrics/_classification.py:1561: UserWarning: Note that pos_label (set to '>50K') is ignored when average != 'binary' (got 'weighted'). You may use labels=[pos_label] to specify a single positive class.
  warnings.warn(

2026-04-15 12:25:20,705:WARNING:/opt/anaconda3/envs/pycaret311/lib/python3.11/site-packages/sklearn/metrics/_classification.py:1561: UserWarning: Note that pos_label (set to '>50K') is ignored when average != 'binary' (got 'weighted'). You may use labels=[pos_label] to specify a single positive class.
  warnings.warn(

2026-04-15 12:25:20,815:WARNING:/opt/anaconda3/envs/pycaret311/lib/python3.11/site-packages/sklearn/metrics/_classification.py:1561: UserWarning: Note that pos_label (set to '>50K') is ignored when average != 'binary' (got 'weighted'). You may use labels=[pos_label] to specify a single positive class.
  warnings.warn(

2026-04-15 12:25:20,844:WARNING:/opt/anaconda3/envs/pycaret311/lib/python3.11/site-packages/sklearn/metrics/_classification.py:1561: UserWarning: Note that pos_label (set to '>50K') is ignored when average != 'binary' (got 'weighted'). You may use labels=[pos_label] to specify a single positive class.
  warnings.warn(

2026-04-15 12:25:20,866:WARNING:/opt/anaconda3/envs/pycaret311/lib/python3.11/site-packages/sklearn/metrics/_classification.py:1561: UserWarning: Note that pos_label (set to '>50K') is ignored when average != 'binary' (got 'weighted'). You may use labels=[pos_label] to specify a single positive class.
  warnings.warn(

2026-04-15 12:25:20,870:WARNING:/opt/anaconda3/envs/pycaret311/lib/python3.11/site-packages/sklearn/metrics/_classification.py:1561: UserWarning: Note that pos_label (set to '>50K') is ignored when average != 'binary' (got 'weighted'). You may use labels=[pos_label] to specify a single positive class.
  warnings.warn(

2026-04-15 12:25:20,901:WARNING:/opt/anaconda3/envs/pycaret311/lib/python3.11/site-packages/sklearn/metrics/_classification.py:1561: UserWarning: Note that pos_label (set to '>50K') is ignored when average != 'binary' (got 'weighted'). You may use labels=[pos_label] to specify a single positive class.
  warnings.warn(

2026-04-15 12:25:20,906:WARNING:/opt/anaconda3/envs/pycaret311/lib/python3.11/site-packages/sklearn/metrics/_classification.py:1561: UserWarning: Note that pos_label (set to '>50K') is ignored when average != 'binary' (got 'weighted'). You may use labels=[pos_label] to specify a single positive class.
  warnings.warn(

2026-04-15 12:25:20,918:WARNING:/opt/anaconda3/envs/pycaret311/lib/python3.11/site-packages/sklearn/metrics/_classification.py:1561: UserWarning: Note that pos_label (set to '>50K') is ignored when average != 'binary' (got 'weighted'). You may use labels=[pos_label] to specify a single positive class.
  warnings.warn(

2026-04-15 12:25:20,919:WARNING:/opt/anaconda3/envs/pycaret311/lib/python3.11/site-packages/sklearn/metrics/_classification.py:1561: UserWarning: Note that pos_label (set to '>50K') is ignored when average != 'binary' (got 'weighted'). You may use labels=[pos_label] to specify a single positive class.
  warnings.warn(

2026-04-15 12:25:20,935:WARNING:/opt/anaconda3/envs/pycaret311/lib/python3.11/site-packages/sklearn/metrics/_classification.py:1561: UserWarning: Note that pos_label (set to '>50K') is ignored when average != 'binary' (got 'weighted'). You may use labels=[pos_label] to specify a single positive class.
  warnings.warn(

2026-04-15 12:25:20,951:WARNING:/opt/anaconda3/envs/pycaret311/lib/python3.11/site-packages/sklearn/metrics/_classification.py:1561: UserWarning: Note that pos_label (set to '>50K') is ignored when average != 'binary' (got 'weighted'). You may use labels=[pos_label] to specify a single positive class.
  warnings.warn(

2026-04-15 12:25:20,955:WARNING:/opt/anaconda3/envs/pycaret311/lib/python3.11/site-packages/sklearn/metrics/_classification.py:1561: UserWarning: Note that pos_label (set to '>50K') is ignored when average != 'binary' (got 'weighted'). You may use labels=[pos_label] to specify a single positive class.
  warnings.warn(

2026-04-15 12:25:20,958:WARNING:/opt/anaconda3/envs/pycaret311/lib/python3.11/site-packages/sklearn/metrics/_classification.py:1561: UserWarning: Note that pos_label (set to '>50K') is ignored when average != 'binary' (got 'weighted'). You may use labels=[pos_label] to specify a single positive class.
  warnings.warn(

2026-04-15 12:25:20,981:WARNING:/opt/anaconda3/envs/pycaret311/lib/python3.11/site-packages/sklearn/metrics/_classification.py:1561: UserWarning: Note that pos_label (set to '>50K') is ignored when average != 'binary' (got 'weighted'). You may use labels=[pos_label] to specify a single positive class.
  warnings.warn(

2026-04-15 12:25:21,006:WARNING:/opt/anaconda3/envs/pycaret311/lib/python3.11/site-packages/sklearn/metrics/_classification.py:1561: UserWarning: Note that pos_label (set to '>50K') is ignored when average != 'binary' (got 'weighted'). You may use labels=[pos_label] to specify a single positive class.
  warnings.warn(

2026-04-15 12:25:21,015:WARNING:/opt/anaconda3/envs/pycaret311/lib/python3.11/site-packages/sklearn/metrics/_classification.py:1561: UserWarning: Note that pos_label (set to '>50K') is ignored when average != 'binary' (got 'weighted'). You may use labels=[pos_label] to specify a single positive class.
  warnings.warn(

2026-04-15 12:25:21,030:WARNING:/opt/anaconda3/envs/pycaret311/lib/python3.11/site-packages/sklearn/metrics/_classification.py:1561: UserWarning: Note that pos_label (set to '>50K') is ignored when average != 'binary' (got 'weighted'). You may use labels=[pos_label] to specify a single positive class.
  warnings.warn(

2026-04-15 12:25:21,085:WARNING:/opt/anaconda3/envs/pycaret311/lib/python3.11/site-packages/sklearn/metrics/_classification.py:1561: UserWarning: Note that pos_label (set to '>50K') is ignored when average != 'binary' (got 'weighted'). You may use labels=[pos_label] to specify a single positive class.
  warnings.warn(

2026-04-15 12:25:21,097:WARNING:/opt/anaconda3/envs/pycaret311/lib/python3.11/site-packages/sklearn/metrics/_classification.py:1561: UserWarning: Note that pos_label (set to '>50K') is ignored when average != 'binary' (got 'weighted'). You may use labels=[pos_label] to specify a single positive class.
  warnings.warn(

2026-04-15 12:25:21,100:WARNING:/opt/anaconda3/envs/pycaret311/lib/python3.11/site-packages/sklearn/metrics/_classification.py:1561: UserWarning: Note that pos_label (set to '>50K') is ignored when average != 'binary' (got 'weighted'). You may use labels=[pos_label] to specify a single positive class.
  warnings.warn(

2026-04-15 12:25:21,113:WARNING:/opt/anaconda3/envs/pycaret311/lib/python3.11/site-packages/sklearn/metrics/_classification.py:1561: UserWarning: Note that pos_label (set to '>50K') is ignored when average != 'binary' (got 'weighted'). You may use labels=[pos_label] to specify a single positive class.
  warnings.warn(

2026-04-15 12:25:21,113:WARNING:/opt/anaconda3/envs/pycaret311/lib/python3.11/site-packages/sklearn/metrics/_classification.py:1561: UserWarning: Note that pos_label (set to '>50K') is ignored when average != 'binary' (got 'weighted'). You may use labels=[pos_label] to specify a single positive class.
  warnings.warn(

2026-04-15 12:25:21,126:WARNING:/opt/anaconda3/envs/pycaret311/lib/python3.11/site-packages/sklearn/metrics/_classification.py:1561: UserWarning: Note that pos_label (set to '>50K') is ignored when average != 'binary' (got 'weighted'). You may use labels=[pos_label] to specify a single positive class.
  warnings.warn(

2026-04-15 12:25:22,343:WARNING:/opt/anaconda3/envs/pycaret311/lib/python3.11/site-packages/sklearn/metrics/_classification.py:1561: UserWarning: Note that pos_label (set to '>50K') is ignored when average != 'binary' (got 'weighted'). You may use labels=[pos_label] to specify a single positive class.
  warnings.warn(

2026-04-15 12:25:22,343:WARNING:/opt/anaconda3/envs/pycaret311/lib/python3.11/site-packages/sklearn/metrics/_classification.py:1561: UserWarning: Note that pos_label (set to '>50K') is ignored when average != 'binary' (got 'weighted'). You may use labels=[pos_label] to specify a single positive class.
  warnings.warn(

2026-04-15 12:25:22,355:WARNING:/opt/anaconda3/envs/pycaret311/lib/python3.11/site-packages/sklearn/metrics/_classification.py:1561: UserWarning: Note that pos_label (set to '>50K') is ignored when average != 'binary' (got 'weighted'). You may use labels=[pos_label] to specify a single positive class.
  warnings.warn(

2026-04-15 12:25:22,355:WARNING:/opt/anaconda3/envs/pycaret311/lib/python3.11/site-packages/sklearn/metrics/_classification.py:1561: UserWarning: Note that pos_label (set to '>50K') is ignored when average != 'binary' (got 'weighted'). You may use labels=[pos_label] to specify a single positive class.
  warnings.warn(

2026-04-15 12:25:22,366:WARNING:/opt/anaconda3/envs/pycaret311/lib/python3.11/site-packages/sklearn/metrics/_classification.py:1561: UserWarning: Note that pos_label (set to '>50K') is ignored when average != 'binary' (got 'weighted'). You may use labels=[pos_label] to specify a single positive class.
  warnings.warn(

2026-04-15 12:25:22,367:WARNING:/opt/anaconda3/envs/pycaret311/lib/python3.11/site-packages/sklearn/metrics/_classification.py:1561: UserWarning: Note that pos_label (set to '>50K') is ignored when average != 'binary' (got 'weighted'). You may use labels=[pos_label] to specify a single positive class.
  warnings.warn(

2026-04-15 12:25:22,388:INFO:Calculating mean and std
2026-04-15 12:25:22,389:INFO:Creating metrics dataframe
2026-04-15 12:25:22,393:INFO:Uploading results into container
2026-04-15 12:25:22,393:INFO:Uploading model into container now
2026-04-15 12:25:22,394:INFO:_master_model_container: 7
2026-04-15 12:25:22,394:INFO:_display_container: 2
2026-04-15 12:25:22,395:INFO:RandomForestClassifier(bootstrap=True, ccp_alpha=0.0, class_weight=None,
                       criterion='gini', max_depth=None, max_features='sqrt',
                       max_leaf_nodes=None, max_samples=None,
                       min_impurity_decrease=0.0, min_samples_leaf=1,
                       min_samples_split=2, min_weight_fraction_leaf=0.0,
                       monotonic_cst=None, n_estimators=100, n_jobs=-1,
                       oob_score=False, random_state=42, verbose=0,
                       warm_start=False)
2026-04-15 12:25:22,395:INFO:create_model() successfully completed......................................
2026-04-15 12:25:22,478:INFO:SubProcess create_model() end ==================================
2026-04-15 12:25:22,478:INFO:Creating metrics dataframe
2026-04-15 12:25:22,479:INFO:Initializing Quadratic Discriminant Analysis
2026-04-15 12:25:22,479:INFO:Total runtime is 0.42416753371556604 minutes
2026-04-15 12:25:22,479:INFO:SubProcess create_model() called ==================================
2026-04-15 12:25:22,479:INFO:Initializing create_model()
2026-04-15 12:25:22,479:INFO:create_model(self=<pycaret.classification.oop.ClassificationExperiment object at 0x12c6a7790>, estimator=qda, fold=StratifiedKFold(n_splits=10, random_state=None, shuffle=False), round=4, cross_validation=True, predict=True, fit_kwargs={}, groups=None, refit=False, probability_threshold=None, experiment_custom_tags=None, verbose=False, system=False, add_to_model_list=True, metrics=None, display=<pycaret.internal.display.display.CommonDisplay object at 0x164602090>, model_only=True, return_train_score=False, error_score=0.0, kwargs={})
2026-04-15 12:25:22,479:INFO:Checking exceptions
2026-04-15 12:25:22,479:INFO:Importing libraries
2026-04-15 12:25:22,479:INFO:Copying training dataset
2026-04-15 12:25:22,486:INFO:Defining folds
2026-04-15 12:25:22,486:INFO:Declaring metric variables
2026-04-15 12:25:22,486:INFO:Importing untrained model
2026-04-15 12:25:22,486:INFO:Quadratic Discriminant Analysis Imported successfully
2026-04-15 12:25:22,486:INFO:Starting cross validation
2026-04-15 12:25:22,487:INFO:Cross validating with StratifiedKFold(n_splits=10, random_state=None, shuffle=False), n_jobs=-1
2026-04-15 12:25:23,469:WARNING:/opt/anaconda3/envs/pycaret311/lib/python3.11/site-packages/sklearn/discriminant_analysis.py:935: UserWarning: Variables are collinear
  warnings.warn("Variables are collinear")

2026-04-15 12:25:23,489:WARNING:/opt/anaconda3/envs/pycaret311/lib/python3.11/site-packages/sklearn/discriminant_analysis.py:935: UserWarning: Variables are collinear
  warnings.warn("Variables are collinear")

2026-04-15 12:25:23,582:WARNING:/opt/anaconda3/envs/pycaret311/lib/python3.11/site-packages/sklearn/discriminant_analysis.py:935: UserWarning: Variables are collinear
  warnings.warn("Variables are collinear")

2026-04-15 12:25:23,597:WARNING:/opt/anaconda3/envs/pycaret311/lib/python3.11/site-packages/sklearn/discriminant_analysis.py:935: UserWarning: Variables are collinear
  warnings.warn("Variables are collinear")

2026-04-15 12:25:23,612:WARNING:/opt/anaconda3/envs/pycaret311/lib/python3.11/site-packages/sklearn/discriminant_analysis.py:935: UserWarning: Variables are collinear
  warnings.warn("Variables are collinear")

2026-04-15 12:25:23,678:WARNING:/opt/anaconda3/envs/pycaret311/lib/python3.11/site-packages/sklearn/metrics/_classification.py:1561: UserWarning: Note that pos_label (set to '>50K') is ignored when average != 'binary' (got 'weighted'). You may use labels=[pos_label] to specify a single positive class.
  warnings.warn(

2026-04-15 12:25:23,710:WARNING:/opt/anaconda3/envs/pycaret311/lib/python3.11/site-packages/sklearn/discriminant_analysis.py:935: UserWarning: Variables are collinear
  warnings.warn("Variables are collinear")

2026-04-15 12:25:23,736:WARNING:/opt/anaconda3/envs/pycaret311/lib/python3.11/site-packages/sklearn/discriminant_analysis.py:935: UserWarning: Variables are collinear
  warnings.warn("Variables are collinear")

2026-04-15 12:25:23,745:WARNING:/opt/anaconda3/envs/pycaret311/lib/python3.11/site-packages/sklearn/metrics/_classification.py:1561: UserWarning: Note that pos_label (set to '>50K') is ignored when average != 'binary' (got 'weighted'). You may use labels=[pos_label] to specify a single positive class.
  warnings.warn(

2026-04-15 12:25:23,746:WARNING:/opt/anaconda3/envs/pycaret311/lib/python3.11/site-packages/sklearn/metrics/_classification.py:1561: UserWarning: Note that pos_label (set to '>50K') is ignored when average != 'binary' (got 'weighted'). You may use labels=[pos_label] to specify a single positive class.
  warnings.warn(

2026-04-15 12:25:23,761:WARNING:/opt/anaconda3/envs/pycaret311/lib/python3.11/site-packages/sklearn/metrics/_classification.py:1561: UserWarning: Note that pos_label (set to '>50K') is ignored when average != 'binary' (got 'weighted'). You may use labels=[pos_label] to specify a single positive class.
  warnings.warn(

2026-04-15 12:25:23,762:WARNING:/opt/anaconda3/envs/pycaret311/lib/python3.11/site-packages/sklearn/metrics/_classification.py:1561: UserWarning: Note that pos_label (set to '>50K') is ignored when average != 'binary' (got 'weighted'). You may use labels=[pos_label] to specify a single positive class.
  warnings.warn(

2026-04-15 12:25:23,764:WARNING:/opt/anaconda3/envs/pycaret311/lib/python3.11/site-packages/sklearn/discriminant_analysis.py:935: UserWarning: Variables are collinear
  warnings.warn("Variables are collinear")

2026-04-15 12:25:23,770:WARNING:/opt/anaconda3/envs/pycaret311/lib/python3.11/site-packages/sklearn/metrics/_classification.py:1561: UserWarning: Note that pos_label (set to '>50K') is ignored when average != 'binary' (got 'weighted'). You may use labels=[pos_label] to specify a single positive class.
  warnings.warn(

2026-04-15 12:25:23,771:WARNING:/opt/anaconda3/envs/pycaret311/lib/python3.11/site-packages/sklearn/metrics/_classification.py:1561: UserWarning: Note that pos_label (set to '>50K') is ignored when average != 'binary' (got 'weighted'). You may use labels=[pos_label] to specify a single positive class.
  warnings.warn(

2026-04-15 12:25:23,789:WARNING:/opt/anaconda3/envs/pycaret311/lib/python3.11/site-packages/sklearn/metrics/_classification.py:1561: UserWarning: Note that pos_label (set to '>50K') is ignored when average != 'binary' (got 'weighted'). You may use labels=[pos_label] to specify a single positive class.
  warnings.warn(

2026-04-15 12:25:23,793:WARNING:/opt/anaconda3/envs/pycaret311/lib/python3.11/site-packages/sklearn/metrics/_classification.py:1561: UserWarning: Note that pos_label (set to '>50K') is ignored when average != 'binary' (got 'weighted'). You may use labels=[pos_label] to specify a single positive class.
  warnings.warn(

2026-04-15 12:25:23,793:WARNING:/opt/anaconda3/envs/pycaret311/lib/python3.11/site-packages/sklearn/metrics/_classification.py:1561: UserWarning: Note that pos_label (set to '>50K') is ignored when average != 'binary' (got 'weighted'). You may use labels=[pos_label] to specify a single positive class.
  warnings.warn(

2026-04-15 12:25:23,794:WARNING:/opt/anaconda3/envs/pycaret311/lib/python3.11/site-packages/sklearn/metrics/_classification.py:1561: UserWarning: Note that pos_label (set to '>50K') is ignored when average != 'binary' (got 'weighted'). You may use labels=[pos_label] to specify a single positive class.
  warnings.warn(

2026-04-15 12:25:23,808:WARNING:/opt/anaconda3/envs/pycaret311/lib/python3.11/site-packages/sklearn/metrics/_classification.py:1561: UserWarning: Note that pos_label (set to '>50K') is ignored when average != 'binary' (got 'weighted'). You may use labels=[pos_label] to specify a single positive class.
  warnings.warn(

2026-04-15 12:25:23,810:WARNING:/opt/anaconda3/envs/pycaret311/lib/python3.11/site-packages/sklearn/metrics/_classification.py:1561: UserWarning: Note that pos_label (set to '>50K') is ignored when average != 'binary' (got 'weighted'). You may use labels=[pos_label] to specify a single positive class.
  warnings.warn(

2026-04-15 12:25:23,817:WARNING:/opt/anaconda3/envs/pycaret311/lib/python3.11/site-packages/sklearn/metrics/_classification.py:1561: UserWarning: Note that pos_label (set to '>50K') is ignored when average != 'binary' (got 'weighted'). You may use labels=[pos_label] to specify a single positive class.
  warnings.warn(

2026-04-15 12:25:23,831:WARNING:/opt/anaconda3/envs/pycaret311/lib/python3.11/site-packages/sklearn/metrics/_classification.py:1561: UserWarning: Note that pos_label (set to '>50K') is ignored when average != 'binary' (got 'weighted'). You may use labels=[pos_label] to specify a single positive class.
  warnings.warn(

2026-04-15 12:25:23,867:WARNING:/opt/anaconda3/envs/pycaret311/lib/python3.11/site-packages/sklearn/metrics/_classification.py:1561: UserWarning: Note that pos_label (set to '>50K') is ignored when average != 'binary' (got 'weighted'). You may use labels=[pos_label] to specify a single positive class.
  warnings.warn(

2026-04-15 12:25:23,873:WARNING:/opt/anaconda3/envs/pycaret311/lib/python3.11/site-packages/sklearn/metrics/_classification.py:1561: UserWarning: Note that pos_label (set to '>50K') is ignored when average != 'binary' (got 'weighted'). You may use labels=[pos_label] to specify a single positive class.
  warnings.warn(

2026-04-15 12:25:23,882:WARNING:/opt/anaconda3/envs/pycaret311/lib/python3.11/site-packages/sklearn/metrics/_classification.py:1561: UserWarning: Note that pos_label (set to '>50K') is ignored when average != 'binary' (got 'weighted'). You may use labels=[pos_label] to specify a single positive class.
  warnings.warn(

2026-04-15 12:25:23,887:WARNING:/opt/anaconda3/envs/pycaret311/lib/python3.11/site-packages/sklearn/metrics/_classification.py:1561: UserWarning: Note that pos_label (set to '>50K') is ignored when average != 'binary' (got 'weighted'). You may use labels=[pos_label] to specify a single positive class.
  warnings.warn(

2026-04-15 12:25:23,888:WARNING:/opt/anaconda3/envs/pycaret311/lib/python3.11/site-packages/sklearn/metrics/_classification.py:1561: UserWarning: Note that pos_label (set to '>50K') is ignored when average != 'binary' (got 'weighted'). You may use labels=[pos_label] to specify a single positive class.
  warnings.warn(

2026-04-15 12:25:23,895:WARNING:/opt/anaconda3/envs/pycaret311/lib/python3.11/site-packages/sklearn/metrics/_classification.py:1561: UserWarning: Note that pos_label (set to '>50K') is ignored when average != 'binary' (got 'weighted'). You may use labels=[pos_label] to specify a single positive class.
  warnings.warn(

2026-04-15 12:25:23,900:WARNING:/opt/anaconda3/envs/pycaret311/lib/python3.11/site-packages/sklearn/metrics/_classification.py:1561: UserWarning: Note that pos_label (set to '>50K') is ignored when average != 'binary' (got 'weighted'). You may use labels=[pos_label] to specify a single positive class.
  warnings.warn(

2026-04-15 12:25:23,903:WARNING:/opt/anaconda3/envs/pycaret311/lib/python3.11/site-packages/sklearn/metrics/_classification.py:1561: UserWarning: Note that pos_label (set to '>50K') is ignored when average != 'binary' (got 'weighted'). You may use labels=[pos_label] to specify a single positive class.
  warnings.warn(

2026-04-15 12:25:23,919:WARNING:/opt/anaconda3/envs/pycaret311/lib/python3.11/site-packages/sklearn/metrics/_classification.py:1561: UserWarning: Note that pos_label (set to '>50K') is ignored when average != 'binary' (got 'weighted'). You may use labels=[pos_label] to specify a single positive class.
  warnings.warn(

2026-04-15 12:25:24,218:WARNING:/opt/anaconda3/envs/pycaret311/lib/python3.11/site-packages/sklearn/discriminant_analysis.py:935: UserWarning: Variables are collinear
  warnings.warn("Variables are collinear")

2026-04-15 12:25:24,228:WARNING:/opt/anaconda3/envs/pycaret311/lib/python3.11/site-packages/sklearn/discriminant_analysis.py:935: UserWarning: Variables are collinear
  warnings.warn("Variables are collinear")

2026-04-15 12:25:24,283:WARNING:/opt/anaconda3/envs/pycaret311/lib/python3.11/site-packages/sklearn/metrics/_classification.py:1561: UserWarning: Note that pos_label (set to '>50K') is ignored when average != 'binary' (got 'weighted'). You may use labels=[pos_label] to specify a single positive class.
  warnings.warn(

2026-04-15 12:25:24,292:WARNING:/opt/anaconda3/envs/pycaret311/lib/python3.11/site-packages/sklearn/metrics/_classification.py:1561: UserWarning: Note that pos_label (set to '>50K') is ignored when average != 'binary' (got 'weighted'). You may use labels=[pos_label] to specify a single positive class.
  warnings.warn(

2026-04-15 12:25:24,295:WARNING:/opt/anaconda3/envs/pycaret311/lib/python3.11/site-packages/sklearn/metrics/_classification.py:1561: UserWarning: Note that pos_label (set to '>50K') is ignored when average != 'binary' (got 'weighted'). You may use labels=[pos_label] to specify a single positive class.
  warnings.warn(

2026-04-15 12:25:24,304:WARNING:/opt/anaconda3/envs/pycaret311/lib/python3.11/site-packages/sklearn/metrics/_classification.py:1561: UserWarning: Note that pos_label (set to '>50K') is ignored when average != 'binary' (got 'weighted'). You may use labels=[pos_label] to specify a single positive class.
  warnings.warn(

2026-04-15 12:25:24,307:WARNING:/opt/anaconda3/envs/pycaret311/lib/python3.11/site-packages/sklearn/metrics/_classification.py:1561: UserWarning: Note that pos_label (set to '>50K') is ignored when average != 'binary' (got 'weighted'). You may use labels=[pos_label] to specify a single positive class.
  warnings.warn(

2026-04-15 12:25:24,316:WARNING:/opt/anaconda3/envs/pycaret311/lib/python3.11/site-packages/sklearn/metrics/_classification.py:1561: UserWarning: Note that pos_label (set to '>50K') is ignored when average != 'binary' (got 'weighted'). You may use labels=[pos_label] to specify a single positive class.
  warnings.warn(

2026-04-15 12:25:24,340:INFO:Calculating mean and std
2026-04-15 12:25:24,340:INFO:Creating metrics dataframe
2026-04-15 12:25:24,344:INFO:Uploading results into container
2026-04-15 12:25:24,344:INFO:Uploading model into container now
2026-04-15 12:25:24,344:INFO:_master_model_container: 8
2026-04-15 12:25:24,344:INFO:_display_container: 2
2026-04-15 12:25:24,345:INFO:QuadraticDiscriminantAnalysis(priors=None, reg_param=0.0,
                              store_covariance=False, tol=0.0001)
2026-04-15 12:25:24,345:INFO:create_model() successfully completed......................................
2026-04-15 12:25:24,431:INFO:SubProcess create_model() end ==================================
2026-04-15 12:25:24,431:INFO:Creating metrics dataframe
2026-04-15 12:25:24,432:INFO:Initializing Ada Boost Classifier
2026-04-15 12:25:24,432:INFO:Total runtime is 0.4567190806070964 minutes
2026-04-15 12:25:24,432:INFO:SubProcess create_model() called ==================================
2026-04-15 12:25:24,432:INFO:Initializing create_model()
2026-04-15 12:25:24,432:INFO:create_model(self=<pycaret.classification.oop.ClassificationExperiment object at 0x12c6a7790>, estimator=ada, fold=StratifiedKFold(n_splits=10, random_state=None, shuffle=False), round=4, cross_validation=True, predict=True, fit_kwargs={}, groups=None, refit=False, probability_threshold=None, experiment_custom_tags=None, verbose=False, system=False, add_to_model_list=True, metrics=None, display=<pycaret.internal.display.display.CommonDisplay object at 0x164602090>, model_only=True, return_train_score=False, error_score=0.0, kwargs={})
2026-04-15 12:25:24,432:INFO:Checking exceptions
2026-04-15 12:25:24,432:INFO:Importing libraries
2026-04-15 12:25:24,432:INFO:Copying training dataset
2026-04-15 12:25:24,439:INFO:Defining folds
2026-04-15 12:25:24,439:INFO:Declaring metric variables
2026-04-15 12:25:24,439:INFO:Importing untrained model
2026-04-15 12:25:24,439:INFO:Ada Boost Classifier Imported successfully
2026-04-15 12:25:24,439:INFO:Starting cross validation
2026-04-15 12:25:24,440:INFO:Cross validating with StratifiedKFold(n_splits=10, random_state=None, shuffle=False), n_jobs=-1
2026-04-15 12:25:25,094:WARNING:/opt/anaconda3/envs/pycaret311/lib/python3.11/site-packages/sklearn/ensemble/_weight_boosting.py:519: FutureWarning: The SAMME.R algorithm (the default) is deprecated and will be removed in 1.6. Use the SAMME algorithm to circumvent this warning.
  warnings.warn(

2026-04-15 12:25:25,124:WARNING:/opt/anaconda3/envs/pycaret311/lib/python3.11/site-packages/sklearn/ensemble/_weight_boosting.py:519: FutureWarning: The SAMME.R algorithm (the default) is deprecated and will be removed in 1.6. Use the SAMME algorithm to circumvent this warning.
  warnings.warn(

2026-04-15 12:25:25,196:WARNING:/opt/anaconda3/envs/pycaret311/lib/python3.11/site-packages/sklearn/ensemble/_weight_boosting.py:519: FutureWarning: The SAMME.R algorithm (the default) is deprecated and will be removed in 1.6. Use the SAMME algorithm to circumvent this warning.
  warnings.warn(

2026-04-15 12:25:25,203:WARNING:/opt/anaconda3/envs/pycaret311/lib/python3.11/site-packages/sklearn/ensemble/_weight_boosting.py:519: FutureWarning: The SAMME.R algorithm (the default) is deprecated and will be removed in 1.6. Use the SAMME algorithm to circumvent this warning.
  warnings.warn(

2026-04-15 12:25:25,234:WARNING:/opt/anaconda3/envs/pycaret311/lib/python3.11/site-packages/sklearn/ensemble/_weight_boosting.py:519: FutureWarning: The SAMME.R algorithm (the default) is deprecated and will be removed in 1.6. Use the SAMME algorithm to circumvent this warning.
  warnings.warn(

2026-04-15 12:25:25,234:WARNING:/opt/anaconda3/envs/pycaret311/lib/python3.11/site-packages/sklearn/ensemble/_weight_boosting.py:519: FutureWarning: The SAMME.R algorithm (the default) is deprecated and will be removed in 1.6. Use the SAMME algorithm to circumvent this warning.
  warnings.warn(

2026-04-15 12:25:25,282:WARNING:/opt/anaconda3/envs/pycaret311/lib/python3.11/site-packages/sklearn/ensemble/_weight_boosting.py:519: FutureWarning: The SAMME.R algorithm (the default) is deprecated and will be removed in 1.6. Use the SAMME algorithm to circumvent this warning.
  warnings.warn(

2026-04-15 12:25:25,286:WARNING:/opt/anaconda3/envs/pycaret311/lib/python3.11/site-packages/sklearn/ensemble/_weight_boosting.py:519: FutureWarning: The SAMME.R algorithm (the default) is deprecated and will be removed in 1.6. Use the SAMME algorithm to circumvent this warning.
  warnings.warn(

2026-04-15 12:25:26,637:WARNING:/opt/anaconda3/envs/pycaret311/lib/python3.11/site-packages/sklearn/metrics/_classification.py:1561: UserWarning: Note that pos_label (set to '>50K') is ignored when average != 'binary' (got 'weighted'). You may use labels=[pos_label] to specify a single positive class.
  warnings.warn(

2026-04-15 12:25:26,652:WARNING:/opt/anaconda3/envs/pycaret311/lib/python3.11/site-packages/sklearn/metrics/_classification.py:1561: UserWarning: Note that pos_label (set to '>50K') is ignored when average != 'binary' (got 'weighted'). You may use labels=[pos_label] to specify a single positive class.
  warnings.warn(

2026-04-15 12:25:26,669:WARNING:/opt/anaconda3/envs/pycaret311/lib/python3.11/site-packages/sklearn/metrics/_classification.py:1561: UserWarning: Note that pos_label (set to '>50K') is ignored when average != 'binary' (got 'weighted'). You may use labels=[pos_label] to specify a single positive class.
  warnings.warn(

2026-04-15 12:25:26,689:WARNING:/opt/anaconda3/envs/pycaret311/lib/python3.11/site-packages/sklearn/metrics/_classification.py:1561: UserWarning: Note that pos_label (set to '>50K') is ignored when average != 'binary' (got 'weighted'). You may use labels=[pos_label] to specify a single positive class.
  warnings.warn(

2026-04-15 12:25:26,695:WARNING:/opt/anaconda3/envs/pycaret311/lib/python3.11/site-packages/sklearn/metrics/_classification.py:1561: UserWarning: Note that pos_label (set to '>50K') is ignored when average != 'binary' (got 'weighted'). You may use labels=[pos_label] to specify a single positive class.
  warnings.warn(

2026-04-15 12:25:26,706:WARNING:/opt/anaconda3/envs/pycaret311/lib/python3.11/site-packages/sklearn/metrics/_classification.py:1561: UserWarning: Note that pos_label (set to '>50K') is ignored when average != 'binary' (got 'weighted'). You may use labels=[pos_label] to specify a single positive class.
  warnings.warn(

2026-04-15 12:25:26,721:WARNING:/opt/anaconda3/envs/pycaret311/lib/python3.11/site-packages/sklearn/metrics/_classification.py:1561: UserWarning: Note that pos_label (set to '>50K') is ignored when average != 'binary' (got 'weighted'). You may use labels=[pos_label] to specify a single positive class.
  warnings.warn(

2026-04-15 12:25:26,723:WARNING:/opt/anaconda3/envs/pycaret311/lib/python3.11/site-packages/sklearn/metrics/_classification.py:1561: UserWarning: Note that pos_label (set to '>50K') is ignored when average != 'binary' (got 'weighted'). You may use labels=[pos_label] to specify a single positive class.
  warnings.warn(

2026-04-15 12:25:26,740:WARNING:/opt/anaconda3/envs/pycaret311/lib/python3.11/site-packages/sklearn/metrics/_classification.py:1561: UserWarning: Note that pos_label (set to '>50K') is ignored when average != 'binary' (got 'weighted'). You may use labels=[pos_label] to specify a single positive class.
  warnings.warn(

2026-04-15 12:25:26,778:WARNING:/opt/anaconda3/envs/pycaret311/lib/python3.11/site-packages/sklearn/metrics/_classification.py:1561: UserWarning: Note that pos_label (set to '>50K') is ignored when average != 'binary' (got 'weighted'). You may use labels=[pos_label] to specify a single positive class.
  warnings.warn(

2026-04-15 12:25:26,801:WARNING:/opt/anaconda3/envs/pycaret311/lib/python3.11/site-packages/sklearn/metrics/_classification.py:1561: UserWarning: Note that pos_label (set to '>50K') is ignored when average != 'binary' (got 'weighted'). You may use labels=[pos_label] to specify a single positive class.
  warnings.warn(

2026-04-15 12:25:26,803:WARNING:/opt/anaconda3/envs/pycaret311/lib/python3.11/site-packages/sklearn/metrics/_classification.py:1561: UserWarning: Note that pos_label (set to '>50K') is ignored when average != 'binary' (got 'weighted'). You may use labels=[pos_label] to specify a single positive class.
  warnings.warn(

2026-04-15 12:25:26,814:WARNING:/opt/anaconda3/envs/pycaret311/lib/python3.11/site-packages/sklearn/metrics/_classification.py:1561: UserWarning: Note that pos_label (set to '>50K') is ignored when average != 'binary' (got 'weighted'). You may use labels=[pos_label] to specify a single positive class.
  warnings.warn(

2026-04-15 12:25:26,815:WARNING:/opt/anaconda3/envs/pycaret311/lib/python3.11/site-packages/sklearn/metrics/_classification.py:1561: UserWarning: Note that pos_label (set to '>50K') is ignored when average != 'binary' (got 'weighted'). You may use labels=[pos_label] to specify a single positive class.
  warnings.warn(

2026-04-15 12:25:26,828:WARNING:/opt/anaconda3/envs/pycaret311/lib/python3.11/site-packages/sklearn/metrics/_classification.py:1561: UserWarning: Note that pos_label (set to '>50K') is ignored when average != 'binary' (got 'weighted'). You may use labels=[pos_label] to specify a single positive class.
  warnings.warn(

2026-04-15 12:25:26,833:WARNING:/opt/anaconda3/envs/pycaret311/lib/python3.11/site-packages/sklearn/metrics/_classification.py:1561: UserWarning: Note that pos_label (set to '>50K') is ignored when average != 'binary' (got 'weighted'). You may use labels=[pos_label] to specify a single positive class.
  warnings.warn(

2026-04-15 12:25:26,857:WARNING:/opt/anaconda3/envs/pycaret311/lib/python3.11/site-packages/sklearn/metrics/_classification.py:1561: UserWarning: Note that pos_label (set to '>50K') is ignored when average != 'binary' (got 'weighted'). You may use labels=[pos_label] to specify a single positive class.
  warnings.warn(

2026-04-15 12:25:26,901:WARNING:/opt/anaconda3/envs/pycaret311/lib/python3.11/site-packages/sklearn/metrics/_classification.py:1561: UserWarning: Note that pos_label (set to '>50K') is ignored when average != 'binary' (got 'weighted'). You may use labels=[pos_label] to specify a single positive class.
  warnings.warn(

2026-04-15 12:25:26,950:WARNING:/opt/anaconda3/envs/pycaret311/lib/python3.11/site-packages/sklearn/metrics/_classification.py:1561: UserWarning: Note that pos_label (set to '>50K') is ignored when average != 'binary' (got 'weighted'). You may use labels=[pos_label] to specify a single positive class.
  warnings.warn(

2026-04-15 12:25:26,958:WARNING:/opt/anaconda3/envs/pycaret311/lib/python3.11/site-packages/sklearn/metrics/_classification.py:1561: UserWarning: Note that pos_label (set to '>50K') is ignored when average != 'binary' (got 'weighted'). You may use labels=[pos_label] to specify a single positive class.
  warnings.warn(

2026-04-15 12:25:26,965:WARNING:/opt/anaconda3/envs/pycaret311/lib/python3.11/site-packages/sklearn/metrics/_classification.py:1561: UserWarning: Note that pos_label (set to '>50K') is ignored when average != 'binary' (got 'weighted'). You may use labels=[pos_label] to specify a single positive class.
  warnings.warn(

2026-04-15 12:25:26,973:WARNING:/opt/anaconda3/envs/pycaret311/lib/python3.11/site-packages/sklearn/metrics/_classification.py:1561: UserWarning: Note that pos_label (set to '>50K') is ignored when average != 'binary' (got 'weighted'). You may use labels=[pos_label] to specify a single positive class.
  warnings.warn(

2026-04-15 12:25:26,980:WARNING:/opt/anaconda3/envs/pycaret311/lib/python3.11/site-packages/sklearn/metrics/_classification.py:1561: UserWarning: Note that pos_label (set to '>50K') is ignored when average != 'binary' (got 'weighted'). You may use labels=[pos_label] to specify a single positive class.
  warnings.warn(

2026-04-15 12:25:26,986:WARNING:/opt/anaconda3/envs/pycaret311/lib/python3.11/site-packages/sklearn/metrics/_classification.py:1561: UserWarning: Note that pos_label (set to '>50K') is ignored when average != 'binary' (got 'weighted'). You may use labels=[pos_label] to specify a single positive class.
  warnings.warn(

2026-04-15 12:25:27,104:WARNING:/opt/anaconda3/envs/pycaret311/lib/python3.11/site-packages/sklearn/ensemble/_weight_boosting.py:519: FutureWarning: The SAMME.R algorithm (the default) is deprecated and will be removed in 1.6. Use the SAMME algorithm to circumvent this warning.
  warnings.warn(

2026-04-15 12:25:27,127:WARNING:/opt/anaconda3/envs/pycaret311/lib/python3.11/site-packages/sklearn/ensemble/_weight_boosting.py:519: FutureWarning: The SAMME.R algorithm (the default) is deprecated and will be removed in 1.6. Use the SAMME algorithm to circumvent this warning.
  warnings.warn(

2026-04-15 12:25:28,019:WARNING:/opt/anaconda3/envs/pycaret311/lib/python3.11/site-packages/sklearn/metrics/_classification.py:1561: UserWarning: Note that pos_label (set to '>50K') is ignored when average != 'binary' (got 'weighted'). You may use labels=[pos_label] to specify a single positive class.
  warnings.warn(

2026-04-15 12:25:28,027:WARNING:/opt/anaconda3/envs/pycaret311/lib/python3.11/site-packages/sklearn/metrics/_classification.py:1561: UserWarning: Note that pos_label (set to '>50K') is ignored when average != 'binary' (got 'weighted'). You may use labels=[pos_label] to specify a single positive class.
  warnings.warn(

2026-04-15 12:25:28,031:WARNING:/opt/anaconda3/envs/pycaret311/lib/python3.11/site-packages/sklearn/metrics/_classification.py:1561: UserWarning: Note that pos_label (set to '>50K') is ignored when average != 'binary' (got 'weighted'). You may use labels=[pos_label] to specify a single positive class.
  warnings.warn(

2026-04-15 12:25:28,038:WARNING:/opt/anaconda3/envs/pycaret311/lib/python3.11/site-packages/sklearn/metrics/_classification.py:1561: UserWarning: Note that pos_label (set to '>50K') is ignored when average != 'binary' (got 'weighted'). You may use labels=[pos_label] to specify a single positive class.
  warnings.warn(

2026-04-15 12:25:28,042:WARNING:/opt/anaconda3/envs/pycaret311/lib/python3.11/site-packages/sklearn/metrics/_classification.py:1561: UserWarning: Note that pos_label (set to '>50K') is ignored when average != 'binary' (got 'weighted'). You may use labels=[pos_label] to specify a single positive class.
  warnings.warn(

2026-04-15 12:25:28,050:WARNING:/opt/anaconda3/envs/pycaret311/lib/python3.11/site-packages/sklearn/metrics/_classification.py:1561: UserWarning: Note that pos_label (set to '>50K') is ignored when average != 'binary' (got 'weighted'). You may use labels=[pos_label] to specify a single positive class.
  warnings.warn(

2026-04-15 12:25:28,067:INFO:Calculating mean and std
2026-04-15 12:25:28,068:INFO:Creating metrics dataframe
2026-04-15 12:25:28,072:INFO:Uploading results into container
2026-04-15 12:25:28,073:INFO:Uploading model into container now
2026-04-15 12:25:28,074:INFO:_master_model_container: 9
2026-04-15 12:25:28,074:INFO:_display_container: 2
2026-04-15 12:25:28,074:INFO:AdaBoostClassifier(algorithm='SAMME.R', estimator=None, learning_rate=1.0,
                   n_estimators=50, random_state=42)
2026-04-15 12:25:28,074:INFO:create_model() successfully completed......................................
2026-04-15 12:25:28,198:INFO:SubProcess create_model() end ==================================
2026-04-15 12:25:28,198:INFO:Creating metrics dataframe
2026-04-15 12:25:28,199:INFO:Initializing Gradient Boosting Classifier
2026-04-15 12:25:28,199:INFO:Total runtime is 0.5195089975992839 minutes
2026-04-15 12:25:28,199:INFO:SubProcess create_model() called ==================================
2026-04-15 12:25:28,199:INFO:Initializing create_model()
2026-04-15 12:25:28,199:INFO:create_model(self=<pycaret.classification.oop.ClassificationExperiment object at 0x12c6a7790>, estimator=gbc, fold=StratifiedKFold(n_splits=10, random_state=None, shuffle=False), round=4, cross_validation=True, predict=True, fit_kwargs={}, groups=None, refit=False, probability_threshold=None, experiment_custom_tags=None, verbose=False, system=False, add_to_model_list=True, metrics=None, display=<pycaret.internal.display.display.CommonDisplay object at 0x164602090>, model_only=True, return_train_score=False, error_score=0.0, kwargs={})
2026-04-15 12:25:28,199:INFO:Checking exceptions
2026-04-15 12:25:28,199:INFO:Importing libraries
2026-04-15 12:25:28,199:INFO:Copying training dataset
2026-04-15 12:25:28,208:INFO:Defining folds
2026-04-15 12:25:28,208:INFO:Declaring metric variables
2026-04-15 12:25:28,208:INFO:Importing untrained model
2026-04-15 12:25:28,209:INFO:Gradient Boosting Classifier Imported successfully
2026-04-15 12:25:28,209:INFO:Starting cross validation
2026-04-15 12:25:28,210:INFO:Cross validating with StratifiedKFold(n_splits=10, random_state=None, shuffle=False), n_jobs=-1
2026-04-15 12:25:34,091:WARNING:/opt/anaconda3/envs/pycaret311/lib/python3.11/site-packages/sklearn/metrics/_classification.py:1561: UserWarning: Note that pos_label (set to '>50K') is ignored when average != 'binary' (got 'weighted'). You may use labels=[pos_label] to specify a single positive class.
  warnings.warn(

2026-04-15 12:25:34,107:WARNING:/opt/anaconda3/envs/pycaret311/lib/python3.11/site-packages/sklearn/metrics/_classification.py:1561: UserWarning: Note that pos_label (set to '>50K') is ignored when average != 'binary' (got 'weighted'). You may use labels=[pos_label] to specify a single positive class.
  warnings.warn(

2026-04-15 12:25:34,122:WARNING:/opt/anaconda3/envs/pycaret311/lib/python3.11/site-packages/sklearn/metrics/_classification.py:1561: UserWarning: Note that pos_label (set to '>50K') is ignored when average != 'binary' (got 'weighted'). You may use labels=[pos_label] to specify a single positive class.
  warnings.warn(

2026-04-15 12:25:34,249:WARNING:/opt/anaconda3/envs/pycaret311/lib/python3.11/site-packages/sklearn/metrics/_classification.py:1561: UserWarning: Note that pos_label (set to '>50K') is ignored when average != 'binary' (got 'weighted'). You may use labels=[pos_label] to specify a single positive class.
  warnings.warn(

2026-04-15 12:25:34,263:WARNING:/opt/anaconda3/envs/pycaret311/lib/python3.11/site-packages/sklearn/metrics/_classification.py:1561: UserWarning: Note that pos_label (set to '>50K') is ignored when average != 'binary' (got 'weighted'). You may use labels=[pos_label] to specify a single positive class.
  warnings.warn(

2026-04-15 12:25:34,266:WARNING:/opt/anaconda3/envs/pycaret311/lib/python3.11/site-packages/sklearn/metrics/_classification.py:1561: UserWarning: Note that pos_label (set to '>50K') is ignored when average != 'binary' (got 'weighted'). You may use labels=[pos_label] to specify a single positive class.
  warnings.warn(

2026-04-15 12:25:34,279:WARNING:/opt/anaconda3/envs/pycaret311/lib/python3.11/site-packages/sklearn/metrics/_classification.py:1561: UserWarning: Note that pos_label (set to '>50K') is ignored when average != 'binary' (got 'weighted'). You may use labels=[pos_label] to specify a single positive class.
  warnings.warn(

2026-04-15 12:25:34,285:WARNING:/opt/anaconda3/envs/pycaret311/lib/python3.11/site-packages/sklearn/metrics/_classification.py:1561: UserWarning: Note that pos_label (set to '>50K') is ignored when average != 'binary' (got 'weighted'). You may use labels=[pos_label] to specify a single positive class.
  warnings.warn(

2026-04-15 12:25:34,298:WARNING:/opt/anaconda3/envs/pycaret311/lib/python3.11/site-packages/sklearn/metrics/_classification.py:1561: UserWarning: Note that pos_label (set to '>50K') is ignored when average != 'binary' (got 'weighted'). You may use labels=[pos_label] to specify a single positive class.
  warnings.warn(

2026-04-15 12:25:34,310:WARNING:/opt/anaconda3/envs/pycaret311/lib/python3.11/site-packages/sklearn/metrics/_classification.py:1561: UserWarning: Note that pos_label (set to '>50K') is ignored when average != 'binary' (got 'weighted'). You may use labels=[pos_label] to specify a single positive class.
  warnings.warn(

2026-04-15 12:25:34,310:WARNING:/opt/anaconda3/envs/pycaret311/lib/python3.11/site-packages/sklearn/metrics/_classification.py:1561: UserWarning: Note that pos_label (set to '>50K') is ignored when average != 'binary' (got 'weighted'). You may use labels=[pos_label] to specify a single positive class.
  warnings.warn(

2026-04-15 12:25:34,323:WARNING:/opt/anaconda3/envs/pycaret311/lib/python3.11/site-packages/sklearn/metrics/_classification.py:1561: UserWarning: Note that pos_label (set to '>50K') is ignored when average != 'binary' (got 'weighted'). You may use labels=[pos_label] to specify a single positive class.
  warnings.warn(

2026-04-15 12:25:34,379:WARNING:/opt/anaconda3/envs/pycaret311/lib/python3.11/site-packages/sklearn/metrics/_classification.py:1561: UserWarning: Note that pos_label (set to '>50K') is ignored when average != 'binary' (got 'weighted'). You may use labels=[pos_label] to specify a single positive class.
  warnings.warn(

2026-04-15 12:25:34,392:WARNING:/opt/anaconda3/envs/pycaret311/lib/python3.11/site-packages/sklearn/metrics/_classification.py:1561: UserWarning: Note that pos_label (set to '>50K') is ignored when average != 'binary' (got 'weighted'). You may use labels=[pos_label] to specify a single positive class.
  warnings.warn(

2026-04-15 12:25:34,404:WARNING:/opt/anaconda3/envs/pycaret311/lib/python3.11/site-packages/sklearn/metrics/_classification.py:1561: UserWarning: Note that pos_label (set to '>50K') is ignored when average != 'binary' (got 'weighted'). You may use labels=[pos_label] to specify a single positive class.
  warnings.warn(

2026-04-15 12:25:34,437:WARNING:/opt/anaconda3/envs/pycaret311/lib/python3.11/site-packages/sklearn/metrics/_classification.py:1561: UserWarning: Note that pos_label (set to '>50K') is ignored when average != 'binary' (got 'weighted'). You may use labels=[pos_label] to specify a single positive class.
  warnings.warn(

2026-04-15 12:25:34,449:WARNING:/opt/anaconda3/envs/pycaret311/lib/python3.11/site-packages/sklearn/metrics/_classification.py:1561: UserWarning: Note that pos_label (set to '>50K') is ignored when average != 'binary' (got 'weighted'). You may use labels=[pos_label] to specify a single positive class.
  warnings.warn(

2026-04-15 12:25:34,464:WARNING:/opt/anaconda3/envs/pycaret311/lib/python3.11/site-packages/sklearn/metrics/_classification.py:1561: UserWarning: Note that pos_label (set to '>50K') is ignored when average != 'binary' (got 'weighted'). You may use labels=[pos_label] to specify a single positive class.
  warnings.warn(

2026-04-15 12:25:34,482:WARNING:/opt/anaconda3/envs/pycaret311/lib/python3.11/site-packages/sklearn/metrics/_classification.py:1561: UserWarning: Note that pos_label (set to '>50K') is ignored when average != 'binary' (got 'weighted'). You may use labels=[pos_label] to specify a single positive class.
  warnings.warn(

2026-04-15 12:25:34,499:WARNING:/opt/anaconda3/envs/pycaret311/lib/python3.11/site-packages/sklearn/metrics/_classification.py:1561: UserWarning: Note that pos_label (set to '>50K') is ignored when average != 'binary' (got 'weighted'). You may use labels=[pos_label] to specify a single positive class.
  warnings.warn(

2026-04-15 12:25:34,511:WARNING:/opt/anaconda3/envs/pycaret311/lib/python3.11/site-packages/sklearn/metrics/_classification.py:1561: UserWarning: Note that pos_label (set to '>50K') is ignored when average != 'binary' (got 'weighted'). You may use labels=[pos_label] to specify a single positive class.
  warnings.warn(

2026-04-15 12:25:34,522:WARNING:/opt/anaconda3/envs/pycaret311/lib/python3.11/site-packages/sklearn/metrics/_classification.py:1561: UserWarning: Note that pos_label (set to '>50K') is ignored when average != 'binary' (got 'weighted'). You may use labels=[pos_label] to specify a single positive class.
  warnings.warn(

2026-04-15 12:25:34,536:WARNING:/opt/anaconda3/envs/pycaret311/lib/python3.11/site-packages/sklearn/metrics/_classification.py:1561: UserWarning: Note that pos_label (set to '>50K') is ignored when average != 'binary' (got 'weighted'). You may use labels=[pos_label] to specify a single positive class.
  warnings.warn(

2026-04-15 12:25:34,548:WARNING:/opt/anaconda3/envs/pycaret311/lib/python3.11/site-packages/sklearn/metrics/_classification.py:1561: UserWarning: Note that pos_label (set to '>50K') is ignored when average != 'binary' (got 'weighted'). You may use labels=[pos_label] to specify a single positive class.
  warnings.warn(

2026-04-15 12:25:38,020:WARNING:/opt/anaconda3/envs/pycaret311/lib/python3.11/site-packages/sklearn/metrics/_classification.py:1561: UserWarning: Note that pos_label (set to '>50K') is ignored when average != 'binary' (got 'weighted'). You may use labels=[pos_label] to specify a single positive class.
  warnings.warn(

2026-04-15 12:25:38,032:WARNING:/opt/anaconda3/envs/pycaret311/lib/python3.11/site-packages/sklearn/metrics/_classification.py:1561: UserWarning: Note that pos_label (set to '>50K') is ignored when average != 'binary' (got 'weighted'). You may use labels=[pos_label] to specify a single positive class.
  warnings.warn(

2026-04-15 12:25:38,043:WARNING:/opt/anaconda3/envs/pycaret311/lib/python3.11/site-packages/sklearn/metrics/_classification.py:1561: UserWarning: Note that pos_label (set to '>50K') is ignored when average != 'binary' (got 'weighted'). You may use labels=[pos_label] to specify a single positive class.
  warnings.warn(

2026-04-15 12:25:38,085:WARNING:/opt/anaconda3/envs/pycaret311/lib/python3.11/site-packages/sklearn/metrics/_classification.py:1561: UserWarning: Note that pos_label (set to '>50K') is ignored when average != 'binary' (got 'weighted'). You may use labels=[pos_label] to specify a single positive class.
  warnings.warn(

2026-04-15 12:25:38,097:WARNING:/opt/anaconda3/envs/pycaret311/lib/python3.11/site-packages/sklearn/metrics/_classification.py:1561: UserWarning: Note that pos_label (set to '>50K') is ignored when average != 'binary' (got 'weighted'). You may use labels=[pos_label] to specify a single positive class.
  warnings.warn(

2026-04-15 12:25:38,108:WARNING:/opt/anaconda3/envs/pycaret311/lib/python3.11/site-packages/sklearn/metrics/_classification.py:1561: UserWarning: Note that pos_label (set to '>50K') is ignored when average != 'binary' (got 'weighted'). You may use labels=[pos_label] to specify a single positive class.
  warnings.warn(

2026-04-15 12:25:38,124:INFO:Calculating mean and std
2026-04-15 12:25:38,125:INFO:Creating metrics dataframe
2026-04-15 12:25:38,127:INFO:Uploading results into container
2026-04-15 12:25:38,127:INFO:Uploading model into container now
2026-04-15 12:25:38,127:INFO:_master_model_container: 10
2026-04-15 12:25:38,127:INFO:_display_container: 2
2026-04-15 12:25:38,128:INFO:GradientBoostingClassifier(ccp_alpha=0.0, criterion='friedman_mse', init=None,
                           learning_rate=0.1, loss='log_loss', max_depth=3,
                           max_features=None, max_leaf_nodes=None,
                           min_impurity_decrease=0.0, min_samples_leaf=1,
                           min_samples_split=2, min_weight_fraction_leaf=0.0,
                           n_estimators=100, n_iter_no_change=None,
                           random_state=42, subsample=1.0, tol=0.0001,
                           validation_fraction=0.1, verbose=0,
                           warm_start=False)
2026-04-15 12:25:38,128:INFO:create_model() successfully completed......................................
2026-04-15 12:25:38,220:INFO:SubProcess create_model() end ==================================
2026-04-15 12:25:38,220:INFO:Creating metrics dataframe
2026-04-15 12:25:38,221:INFO:Initializing Linear Discriminant Analysis
2026-04-15 12:25:38,221:INFO:Total runtime is 0.6865336656570435 minutes
2026-04-15 12:25:38,221:INFO:SubProcess create_model() called ==================================
2026-04-15 12:25:38,221:INFO:Initializing create_model()
2026-04-15 12:25:38,221:INFO:create_model(self=<pycaret.classification.oop.ClassificationExperiment object at 0x12c6a7790>, estimator=lda, fold=StratifiedKFold(n_splits=10, random_state=None, shuffle=False), round=4, cross_validation=True, predict=True, fit_kwargs={}, groups=None, refit=False, probability_threshold=None, experiment_custom_tags=None, verbose=False, system=False, add_to_model_list=True, metrics=None, display=<pycaret.internal.display.display.CommonDisplay object at 0x164602090>, model_only=True, return_train_score=False, error_score=0.0, kwargs={})
2026-04-15 12:25:38,221:INFO:Checking exceptions
2026-04-15 12:25:38,221:INFO:Importing libraries
2026-04-15 12:25:38,221:INFO:Copying training dataset
2026-04-15 12:25:38,228:INFO:Defining folds
2026-04-15 12:25:38,228:INFO:Declaring metric variables
2026-04-15 12:25:38,228:INFO:Importing untrained model
2026-04-15 12:25:38,228:INFO:Linear Discriminant Analysis Imported successfully
2026-04-15 12:25:38,228:INFO:Starting cross validation
2026-04-15 12:25:38,229:INFO:Cross validating with StratifiedKFold(n_splits=10, random_state=None, shuffle=False), n_jobs=-1
2026-04-15 12:25:39,520:WARNING:/opt/anaconda3/envs/pycaret311/lib/python3.11/site-packages/sklearn/metrics/_classification.py:1561: UserWarning: Note that pos_label (set to '>50K') is ignored when average != 'binary' (got 'weighted'). You may use labels=[pos_label] to specify a single positive class.
  warnings.warn(

2026-04-15 12:25:39,520:WARNING:/opt/anaconda3/envs/pycaret311/lib/python3.11/site-packages/sklearn/metrics/_classification.py:1561: UserWarning: Note that pos_label (set to '>50K') is ignored when average != 'binary' (got 'weighted'). You may use labels=[pos_label] to specify a single positive class.
  warnings.warn(

2026-04-15 12:25:39,536:WARNING:/opt/anaconda3/envs/pycaret311/lib/python3.11/site-packages/sklearn/metrics/_classification.py:1561: UserWarning: Note that pos_label (set to '>50K') is ignored when average != 'binary' (got 'weighted'). You may use labels=[pos_label] to specify a single positive class.
  warnings.warn(

2026-04-15 12:25:39,542:WARNING:/opt/anaconda3/envs/pycaret311/lib/python3.11/site-packages/sklearn/metrics/_classification.py:1561: UserWarning: Note that pos_label (set to '>50K') is ignored when average != 'binary' (got 'weighted'). You may use labels=[pos_label] to specify a single positive class.
  warnings.warn(

2026-04-15 12:25:39,546:WARNING:/opt/anaconda3/envs/pycaret311/lib/python3.11/site-packages/sklearn/metrics/_classification.py:1561: UserWarning: Note that pos_label (set to '>50K') is ignored when average != 'binary' (got 'weighted'). You may use labels=[pos_label] to specify a single positive class.
  warnings.warn(

2026-04-15 12:25:39,551:WARNING:/opt/anaconda3/envs/pycaret311/lib/python3.11/site-packages/sklearn/metrics/_classification.py:1561: UserWarning: Note that pos_label (set to '>50K') is ignored when average != 'binary' (got 'weighted'). You may use labels=[pos_label] to specify a single positive class.
  warnings.warn(

2026-04-15 12:25:39,570:WARNING:/opt/anaconda3/envs/pycaret311/lib/python3.11/site-packages/sklearn/metrics/_classification.py:1561: UserWarning: Note that pos_label (set to '>50K') is ignored when average != 'binary' (got 'weighted'). You may use labels=[pos_label] to specify a single positive class.
  warnings.warn(

2026-04-15 12:25:39,574:WARNING:/opt/anaconda3/envs/pycaret311/lib/python3.11/site-packages/sklearn/metrics/_classification.py:1561: UserWarning: Note that pos_label (set to '>50K') is ignored when average != 'binary' (got 'weighted'). You may use labels=[pos_label] to specify a single positive class.
  warnings.warn(

2026-04-15 12:25:39,575:WARNING:/opt/anaconda3/envs/pycaret311/lib/python3.11/site-packages/sklearn/metrics/_classification.py:1561: UserWarning: Note that pos_label (set to '>50K') is ignored when average != 'binary' (got 'weighted'). You may use labels=[pos_label] to specify a single positive class.
  warnings.warn(

2026-04-15 12:25:39,655:WARNING:/opt/anaconda3/envs/pycaret311/lib/python3.11/site-packages/sklearn/metrics/_classification.py:1561: UserWarning: Note that pos_label (set to '>50K') is ignored when average != 'binary' (got 'weighted'). You may use labels=[pos_label] to specify a single positive class.
  warnings.warn(

2026-04-15 12:25:39,673:WARNING:/opt/anaconda3/envs/pycaret311/lib/python3.11/site-packages/sklearn/metrics/_classification.py:1561: UserWarning: Note that pos_label (set to '>50K') is ignored when average != 'binary' (got 'weighted'). You may use labels=[pos_label] to specify a single positive class.
  warnings.warn(

2026-04-15 12:25:39,681:WARNING:/opt/anaconda3/envs/pycaret311/lib/python3.11/site-packages/sklearn/metrics/_classification.py:1561: UserWarning: Note that pos_label (set to '>50K') is ignored when average != 'binary' (got 'weighted'). You may use labels=[pos_label] to specify a single positive class.
  warnings.warn(

2026-04-15 12:25:39,681:WARNING:/opt/anaconda3/envs/pycaret311/lib/python3.11/site-packages/sklearn/metrics/_classification.py:1561: UserWarning: Note that pos_label (set to '>50K') is ignored when average != 'binary' (got 'weighted'). You may use labels=[pos_label] to specify a single positive class.
  warnings.warn(

2026-04-15 12:25:39,682:WARNING:/opt/anaconda3/envs/pycaret311/lib/python3.11/site-packages/sklearn/metrics/_classification.py:1561: UserWarning: Note that pos_label (set to '>50K') is ignored when average != 'binary' (got 'weighted'). You may use labels=[pos_label] to specify a single positive class.
  warnings.warn(

2026-04-15 12:25:39,689:WARNING:/opt/anaconda3/envs/pycaret311/lib/python3.11/site-packages/sklearn/metrics/_classification.py:1561: UserWarning: Note that pos_label (set to '>50K') is ignored when average != 'binary' (got 'weighted'). You may use labels=[pos_label] to specify a single positive class.
  warnings.warn(

2026-04-15 12:25:39,692:WARNING:/opt/anaconda3/envs/pycaret311/lib/python3.11/site-packages/sklearn/metrics/_classification.py:1561: UserWarning: Note that pos_label (set to '>50K') is ignored when average != 'binary' (got 'weighted'). You may use labels=[pos_label] to specify a single positive class.
  warnings.warn(

2026-04-15 12:25:39,698:WARNING:/opt/anaconda3/envs/pycaret311/lib/python3.11/site-packages/sklearn/metrics/_classification.py:1561: UserWarning: Note that pos_label (set to '>50K') is ignored when average != 'binary' (got 'weighted'). You may use labels=[pos_label] to specify a single positive class.
  warnings.warn(

2026-04-15 12:25:39,705:WARNING:/opt/anaconda3/envs/pycaret311/lib/python3.11/site-packages/sklearn/metrics/_classification.py:1561: UserWarning: Note that pos_label (set to '>50K') is ignored when average != 'binary' (got 'weighted'). You may use labels=[pos_label] to specify a single positive class.
  warnings.warn(

2026-04-15 12:25:39,707:WARNING:/opt/anaconda3/envs/pycaret311/lib/python3.11/site-packages/sklearn/metrics/_classification.py:1561: UserWarning: Note that pos_label (set to '>50K') is ignored when average != 'binary' (got 'weighted'). You may use labels=[pos_label] to specify a single positive class.
  warnings.warn(

2026-04-15 12:25:39,711:WARNING:/opt/anaconda3/envs/pycaret311/lib/python3.11/site-packages/sklearn/metrics/_classification.py:1561: UserWarning: Note that pos_label (set to '>50K') is ignored when average != 'binary' (got 'weighted'). You may use labels=[pos_label] to specify a single positive class.
  warnings.warn(

2026-04-15 12:25:39,711:WARNING:/opt/anaconda3/envs/pycaret311/lib/python3.11/site-packages/sklearn/metrics/_classification.py:1561: UserWarning: Note that pos_label (set to '>50K') is ignored when average != 'binary' (got 'weighted'). You may use labels=[pos_label] to specify a single positive class.
  warnings.warn(

2026-04-15 12:25:39,711:WARNING:/opt/anaconda3/envs/pycaret311/lib/python3.11/site-packages/sklearn/metrics/_classification.py:1561: UserWarning: Note that pos_label (set to '>50K') is ignored when average != 'binary' (got 'weighted'). You may use labels=[pos_label] to specify a single positive class.
  warnings.warn(

2026-04-15 12:25:39,729:WARNING:/opt/anaconda3/envs/pycaret311/lib/python3.11/site-packages/sklearn/metrics/_classification.py:1561: UserWarning: Note that pos_label (set to '>50K') is ignored when average != 'binary' (got 'weighted'). You may use labels=[pos_label] to specify a single positive class.
  warnings.warn(

2026-04-15 12:25:39,729:WARNING:/opt/anaconda3/envs/pycaret311/lib/python3.11/site-packages/sklearn/metrics/_classification.py:1561: UserWarning: Note that pos_label (set to '>50K') is ignored when average != 'binary' (got 'weighted'). You may use labels=[pos_label] to specify a single positive class.
  warnings.warn(

2026-04-15 12:25:40,102:WARNING:/opt/anaconda3/envs/pycaret311/lib/python3.11/site-packages/sklearn/metrics/_classification.py:1561: UserWarning: Note that pos_label (set to '>50K') is ignored when average != 'binary' (got 'weighted'). You may use labels=[pos_label] to specify a single positive class.
  warnings.warn(

2026-04-15 12:25:40,112:WARNING:/opt/anaconda3/envs/pycaret311/lib/python3.11/site-packages/sklearn/metrics/_classification.py:1561: UserWarning: Note that pos_label (set to '>50K') is ignored when average != 'binary' (got 'weighted'). You may use labels=[pos_label] to specify a single positive class.
  warnings.warn(

2026-04-15 12:25:40,114:WARNING:/opt/anaconda3/envs/pycaret311/lib/python3.11/site-packages/sklearn/metrics/_classification.py:1561: UserWarning: Note that pos_label (set to '>50K') is ignored when average != 'binary' (got 'weighted'). You may use labels=[pos_label] to specify a single positive class.
  warnings.warn(

2026-04-15 12:25:40,124:WARNING:/opt/anaconda3/envs/pycaret311/lib/python3.11/site-packages/sklearn/metrics/_classification.py:1561: UserWarning: Note that pos_label (set to '>50K') is ignored when average != 'binary' (got 'weighted'). You may use labels=[pos_label] to specify a single positive class.
  warnings.warn(

2026-04-15 12:25:40,126:WARNING:/opt/anaconda3/envs/pycaret311/lib/python3.11/site-packages/sklearn/metrics/_classification.py:1561: UserWarning: Note that pos_label (set to '>50K') is ignored when average != 'binary' (got 'weighted'). You may use labels=[pos_label] to specify a single positive class.
  warnings.warn(

2026-04-15 12:25:40,136:WARNING:/opt/anaconda3/envs/pycaret311/lib/python3.11/site-packages/sklearn/metrics/_classification.py:1561: UserWarning: Note that pos_label (set to '>50K') is ignored when average != 'binary' (got 'weighted'). You may use labels=[pos_label] to specify a single positive class.
  warnings.warn(

2026-04-15 12:25:40,153:INFO:Calculating mean and std
2026-04-15 12:25:40,154:INFO:Creating metrics dataframe
2026-04-15 12:25:40,159:INFO:Uploading results into container
2026-04-15 12:25:40,159:INFO:Uploading model into container now
2026-04-15 12:25:40,159:INFO:_master_model_container: 11
2026-04-15 12:25:40,159:INFO:_display_container: 2
2026-04-15 12:25:40,160:INFO:LinearDiscriminantAnalysis(covariance_estimator=None, n_components=None,
                           priors=None, shrinkage=None, solver='svd',
                           store_covariance=False, tol=0.0001)
2026-04-15 12:25:40,160:INFO:create_model() successfully completed......................................
2026-04-15 12:25:40,238:INFO:SubProcess create_model() end ==================================
2026-04-15 12:25:40,238:INFO:Creating metrics dataframe
2026-04-15 12:25:40,239:INFO:Initializing Extra Trees Classifier
2026-04-15 12:25:40,239:INFO:Total runtime is 0.7201765815416973 minutes
2026-04-15 12:25:40,239:INFO:SubProcess create_model() called ==================================
2026-04-15 12:25:40,239:INFO:Initializing create_model()
2026-04-15 12:25:40,239:INFO:create_model(self=<pycaret.classification.oop.ClassificationExperiment object at 0x12c6a7790>, estimator=et, fold=StratifiedKFold(n_splits=10, random_state=None, shuffle=False), round=4, cross_validation=True, predict=True, fit_kwargs={}, groups=None, refit=False, probability_threshold=None, experiment_custom_tags=None, verbose=False, system=False, add_to_model_list=True, metrics=None, display=<pycaret.internal.display.display.CommonDisplay object at 0x164602090>, model_only=True, return_train_score=False, error_score=0.0, kwargs={})
2026-04-15 12:25:40,239:INFO:Checking exceptions
2026-04-15 12:25:40,239:INFO:Importing libraries
2026-04-15 12:25:40,239:INFO:Copying training dataset
2026-04-15 12:25:40,246:INFO:Defining folds
2026-04-15 12:25:40,246:INFO:Declaring metric variables
2026-04-15 12:25:40,247:INFO:Importing untrained model
2026-04-15 12:25:40,247:INFO:Extra Trees Classifier Imported successfully
2026-04-15 12:25:40,247:INFO:Starting cross validation
2026-04-15 12:25:40,248:INFO:Cross validating with StratifiedKFold(n_splits=10, random_state=None, shuffle=False), n_jobs=-1
2026-04-15 12:25:45,967:WARNING:/opt/anaconda3/envs/pycaret311/lib/python3.11/site-packages/sklearn/metrics/_classification.py:1561: UserWarning: Note that pos_label (set to '>50K') is ignored when average != 'binary' (got 'weighted'). You may use labels=[pos_label] to specify a single positive class.
  warnings.warn(

2026-04-15 12:25:45,989:WARNING:/opt/anaconda3/envs/pycaret311/lib/python3.11/site-packages/sklearn/metrics/_classification.py:1561: UserWarning: Note that pos_label (set to '>50K') is ignored when average != 'binary' (got 'weighted'). You may use labels=[pos_label] to specify a single positive class.
  warnings.warn(

2026-04-15 12:25:46,082:WARNING:/opt/anaconda3/envs/pycaret311/lib/python3.11/site-packages/sklearn/metrics/_classification.py:1561: UserWarning: Note that pos_label (set to '>50K') is ignored when average != 'binary' (got 'weighted'). You may use labels=[pos_label] to specify a single positive class.
  warnings.warn(

2026-04-15 12:25:46,091:WARNING:/opt/anaconda3/envs/pycaret311/lib/python3.11/site-packages/sklearn/metrics/_classification.py:1561: UserWarning: Note that pos_label (set to '>50K') is ignored when average != 'binary' (got 'weighted'). You may use labels=[pos_label] to specify a single positive class.
  warnings.warn(

2026-04-15 12:25:46,183:WARNING:/opt/anaconda3/envs/pycaret311/lib/python3.11/site-packages/sklearn/metrics/_classification.py:1561: UserWarning: Note that pos_label (set to '>50K') is ignored when average != 'binary' (got 'weighted'). You may use labels=[pos_label] to specify a single positive class.
  warnings.warn(

2026-04-15 12:25:46,313:WARNING:/opt/anaconda3/envs/pycaret311/lib/python3.11/site-packages/sklearn/metrics/_classification.py:1561: UserWarning: Note that pos_label (set to '>50K') is ignored when average != 'binary' (got 'weighted'). You may use labels=[pos_label] to specify a single positive class.
  warnings.warn(

2026-04-15 12:25:46,361:WARNING:/opt/anaconda3/envs/pycaret311/lib/python3.11/site-packages/sklearn/metrics/_classification.py:1561: UserWarning: Note that pos_label (set to '>50K') is ignored when average != 'binary' (got 'weighted'). You may use labels=[pos_label] to specify a single positive class.
  warnings.warn(

2026-04-15 12:25:46,362:WARNING:/opt/anaconda3/envs/pycaret311/lib/python3.11/site-packages/sklearn/metrics/_classification.py:1561: UserWarning: Note that pos_label (set to '>50K') is ignored when average != 'binary' (got 'weighted'). You may use labels=[pos_label] to specify a single positive class.
  warnings.warn(

2026-04-15 12:25:46,378:WARNING:/opt/anaconda3/envs/pycaret311/lib/python3.11/site-packages/sklearn/metrics/_classification.py:1561: UserWarning: Note that pos_label (set to '>50K') is ignored when average != 'binary' (got 'weighted'). You may use labels=[pos_label] to specify a single positive class.
  warnings.warn(

2026-04-15 12:25:46,406:WARNING:/opt/anaconda3/envs/pycaret311/lib/python3.11/site-packages/sklearn/metrics/_classification.py:1561: UserWarning: Note that pos_label (set to '>50K') is ignored when average != 'binary' (got 'weighted'). You may use labels=[pos_label] to specify a single positive class.
  warnings.warn(

2026-04-15 12:25:46,461:WARNING:/opt/anaconda3/envs/pycaret311/lib/python3.11/site-packages/sklearn/metrics/_classification.py:1561: UserWarning: Note that pos_label (set to '>50K') is ignored when average != 'binary' (got 'weighted'). You may use labels=[pos_label] to specify a single positive class.
  warnings.warn(

2026-04-15 12:25:46,473:WARNING:/opt/anaconda3/envs/pycaret311/lib/python3.11/site-packages/sklearn/metrics/_classification.py:1561: UserWarning: Note that pos_label (set to '>50K') is ignored when average != 'binary' (got 'weighted'). You may use labels=[pos_label] to specify a single positive class.
  warnings.warn(

2026-04-15 12:25:46,486:WARNING:/opt/anaconda3/envs/pycaret311/lib/python3.11/site-packages/sklearn/metrics/_classification.py:1561: UserWarning: Note that pos_label (set to '>50K') is ignored when average != 'binary' (got 'weighted'). You may use labels=[pos_label] to specify a single positive class.
  warnings.warn(

2026-04-15 12:25:46,490:WARNING:/opt/anaconda3/envs/pycaret311/lib/python3.11/site-packages/sklearn/metrics/_classification.py:1561: UserWarning: Note that pos_label (set to '>50K') is ignored when average != 'binary' (got 'weighted'). You may use labels=[pos_label] to specify a single positive class.
  warnings.warn(

2026-04-15 12:25:46,498:WARNING:/opt/anaconda3/envs/pycaret311/lib/python3.11/site-packages/sklearn/metrics/_classification.py:1561: UserWarning: Note that pos_label (set to '>50K') is ignored when average != 'binary' (got 'weighted'). You may use labels=[pos_label] to specify a single positive class.
  warnings.warn(

2026-04-15 12:25:46,514:WARNING:/opt/anaconda3/envs/pycaret311/lib/python3.11/site-packages/sklearn/metrics/_classification.py:1561: UserWarning: Note that pos_label (set to '>50K') is ignored when average != 'binary' (got 'weighted'). You may use labels=[pos_label] to specify a single positive class.
  warnings.warn(

2026-04-15 12:25:46,526:WARNING:/opt/anaconda3/envs/pycaret311/lib/python3.11/site-packages/sklearn/metrics/_classification.py:1561: UserWarning: Note that pos_label (set to '>50K') is ignored when average != 'binary' (got 'weighted'). You may use labels=[pos_label] to specify a single positive class.
  warnings.warn(

2026-04-15 12:25:46,526:WARNING:/opt/anaconda3/envs/pycaret311/lib/python3.11/site-packages/sklearn/metrics/_classification.py:1561: UserWarning: Note that pos_label (set to '>50K') is ignored when average != 'binary' (got 'weighted'). You may use labels=[pos_label] to specify a single positive class.
  warnings.warn(

2026-04-15 12:25:46,538:WARNING:/opt/anaconda3/envs/pycaret311/lib/python3.11/site-packages/sklearn/metrics/_classification.py:1561: UserWarning: Note that pos_label (set to '>50K') is ignored when average != 'binary' (got 'weighted'). You may use labels=[pos_label] to specify a single positive class.
  warnings.warn(

2026-04-15 12:25:46,539:WARNING:/opt/anaconda3/envs/pycaret311/lib/python3.11/site-packages/sklearn/metrics/_classification.py:1561: UserWarning: Note that pos_label (set to '>50K') is ignored when average != 'binary' (got 'weighted'). You may use labels=[pos_label] to specify a single positive class.
  warnings.warn(

2026-04-15 12:25:46,549:WARNING:/opt/anaconda3/envs/pycaret311/lib/python3.11/site-packages/sklearn/metrics/_classification.py:1561: UserWarning: Note that pos_label (set to '>50K') is ignored when average != 'binary' (got 'weighted'). You may use labels=[pos_label] to specify a single positive class.
  warnings.warn(

2026-04-15 12:25:46,551:WARNING:/opt/anaconda3/envs/pycaret311/lib/python3.11/site-packages/sklearn/metrics/_classification.py:1561: UserWarning: Note that pos_label (set to '>50K') is ignored when average != 'binary' (got 'weighted'). You may use labels=[pos_label] to specify a single positive class.
  warnings.warn(

2026-04-15 12:25:46,561:WARNING:/opt/anaconda3/envs/pycaret311/lib/python3.11/site-packages/sklearn/metrics/_classification.py:1561: UserWarning: Note that pos_label (set to '>50K') is ignored when average != 'binary' (got 'weighted'). You may use labels=[pos_label] to specify a single positive class.
  warnings.warn(

2026-04-15 12:25:46,573:WARNING:/opt/anaconda3/envs/pycaret311/lib/python3.11/site-packages/sklearn/metrics/_classification.py:1561: UserWarning: Note that pos_label (set to '>50K') is ignored when average != 'binary' (got 'weighted'). You may use labels=[pos_label] to specify a single positive class.
  warnings.warn(

2026-04-15 12:25:47,716:WARNING:/opt/anaconda3/envs/pycaret311/lib/python3.11/site-packages/sklearn/metrics/_classification.py:1561: UserWarning: Note that pos_label (set to '>50K') is ignored when average != 'binary' (got 'weighted'). You may use labels=[pos_label] to specify a single positive class.
  warnings.warn(

2026-04-15 12:25:47,729:WARNING:/opt/anaconda3/envs/pycaret311/lib/python3.11/site-packages/sklearn/metrics/_classification.py:1561: UserWarning: Note that pos_label (set to '>50K') is ignored when average != 'binary' (got 'weighted'). You may use labels=[pos_label] to specify a single positive class.
  warnings.warn(

2026-04-15 12:25:47,743:WARNING:/opt/anaconda3/envs/pycaret311/lib/python3.11/site-packages/sklearn/metrics/_classification.py:1561: UserWarning: Note that pos_label (set to '>50K') is ignored when average != 'binary' (got 'weighted'). You may use labels=[pos_label] to specify a single positive class.
  warnings.warn(

2026-04-15 12:25:47,761:WARNING:/opt/anaconda3/envs/pycaret311/lib/python3.11/site-packages/sklearn/metrics/_classification.py:1561: UserWarning: Note that pos_label (set to '>50K') is ignored when average != 'binary' (got 'weighted'). You may use labels=[pos_label] to specify a single positive class.
  warnings.warn(

2026-04-15 12:25:47,772:WARNING:/opt/anaconda3/envs/pycaret311/lib/python3.11/site-packages/sklearn/metrics/_classification.py:1561: UserWarning: Note that pos_label (set to '>50K') is ignored when average != 'binary' (got 'weighted'). You may use labels=[pos_label] to specify a single positive class.
  warnings.warn(

2026-04-15 12:25:47,784:WARNING:/opt/anaconda3/envs/pycaret311/lib/python3.11/site-packages/sklearn/metrics/_classification.py:1561: UserWarning: Note that pos_label (set to '>50K') is ignored when average != 'binary' (got 'weighted'). You may use labels=[pos_label] to specify a single positive class.
  warnings.warn(

2026-04-15 12:25:47,807:INFO:Calculating mean and std
2026-04-15 12:25:47,807:INFO:Creating metrics dataframe
2026-04-15 12:25:47,811:INFO:Uploading results into container
2026-04-15 12:25:47,811:INFO:Uploading model into container now
2026-04-15 12:25:47,811:INFO:_master_model_container: 12
2026-04-15 12:25:47,811:INFO:_display_container: 2
2026-04-15 12:25:47,812:INFO:ExtraTreesClassifier(bootstrap=False, ccp_alpha=0.0, class_weight=None,
                     criterion='gini', max_depth=None, max_features='sqrt',
                     max_leaf_nodes=None, max_samples=None,
                     min_impurity_decrease=0.0, min_samples_leaf=1,
                     min_samples_split=2, min_weight_fraction_leaf=0.0,
                     monotonic_cst=None, n_estimators=100, n_jobs=-1,
                     oob_score=False, random_state=42, verbose=0,
                     warm_start=False)
2026-04-15 12:25:47,812:INFO:create_model() successfully completed......................................
2026-04-15 12:25:47,912:INFO:SubProcess create_model() end ==================================
2026-04-15 12:25:47,912:INFO:Creating metrics dataframe
2026-04-15 12:25:47,913:INFO:Initializing Light Gradient Boosting Machine
2026-04-15 12:25:47,913:INFO:Total runtime is 0.84807501633962 minutes
2026-04-15 12:25:47,913:INFO:SubProcess create_model() called ==================================
2026-04-15 12:25:47,913:INFO:Initializing create_model()
2026-04-15 12:25:47,913:INFO:create_model(self=<pycaret.classification.oop.ClassificationExperiment object at 0x12c6a7790>, estimator=lightgbm, fold=StratifiedKFold(n_splits=10, random_state=None, shuffle=False), round=4, cross_validation=True, predict=True, fit_kwargs={}, groups=None, refit=False, probability_threshold=None, experiment_custom_tags=None, verbose=False, system=False, add_to_model_list=True, metrics=None, display=<pycaret.internal.display.display.CommonDisplay object at 0x164602090>, model_only=True, return_train_score=False, error_score=0.0, kwargs={})
2026-04-15 12:25:47,913:INFO:Checking exceptions
2026-04-15 12:25:47,913:INFO:Importing libraries
2026-04-15 12:25:47,913:INFO:Copying training dataset
2026-04-15 12:25:47,923:INFO:Defining folds
2026-04-15 12:25:47,923:INFO:Declaring metric variables
2026-04-15 12:25:47,923:INFO:Importing untrained model
2026-04-15 12:25:47,923:INFO:Light Gradient Boosting Machine Imported successfully
2026-04-15 12:25:47,923:INFO:Starting cross validation
2026-04-15 12:25:47,924:INFO:Cross validating with StratifiedKFold(n_splits=10, random_state=None, shuffle=False), n_jobs=-1
2026-04-15 12:25:51,013:WARNING:/opt/anaconda3/envs/pycaret311/lib/python3.11/site-packages/sklearn/metrics/_classification.py:1561: UserWarning: Note that pos_label (set to '>50K') is ignored when average != 'binary' (got 'weighted'). You may use labels=[pos_label] to specify a single positive class.
  warnings.warn(

2026-04-15 12:25:51,013:WARNING:/opt/anaconda3/envs/pycaret311/lib/python3.11/site-packages/sklearn/metrics/_classification.py:1561: UserWarning: Note that pos_label (set to '>50K') is ignored when average != 'binary' (got 'weighted'). You may use labels=[pos_label] to specify a single positive class.
  warnings.warn(

2026-04-15 12:25:51,025:WARNING:/opt/anaconda3/envs/pycaret311/lib/python3.11/site-packages/sklearn/metrics/_classification.py:1561: UserWarning: Note that pos_label (set to '>50K') is ignored when average != 'binary' (got 'weighted'). You may use labels=[pos_label] to specify a single positive class.
  warnings.warn(

2026-04-15 12:25:51,027:WARNING:/opt/anaconda3/envs/pycaret311/lib/python3.11/site-packages/sklearn/metrics/_classification.py:1561: UserWarning: Note that pos_label (set to '>50K') is ignored when average != 'binary' (got 'weighted'). You may use labels=[pos_label] to specify a single positive class.
  warnings.warn(

2026-04-15 12:25:51,032:WARNING:/opt/anaconda3/envs/pycaret311/lib/python3.11/site-packages/sklearn/metrics/_classification.py:1561: UserWarning: Note that pos_label (set to '>50K') is ignored when average != 'binary' (got 'weighted'). You may use labels=[pos_label] to specify a single positive class.
  warnings.warn(

2026-04-15 12:25:51,036:WARNING:/opt/anaconda3/envs/pycaret311/lib/python3.11/site-packages/sklearn/metrics/_classification.py:1561: UserWarning: Note that pos_label (set to '>50K') is ignored when average != 'binary' (got 'weighted'). You may use labels=[pos_label] to specify a single positive class.
  warnings.warn(

2026-04-15 12:25:51,037:WARNING:/opt/anaconda3/envs/pycaret311/lib/python3.11/site-packages/sklearn/metrics/_classification.py:1561: UserWarning: Note that pos_label (set to '>50K') is ignored when average != 'binary' (got 'weighted'). You may use labels=[pos_label] to specify a single positive class.
  warnings.warn(

2026-04-15 12:25:51,040:WARNING:/opt/anaconda3/envs/pycaret311/lib/python3.11/site-packages/sklearn/metrics/_classification.py:1561: UserWarning: Note that pos_label (set to '>50K') is ignored when average != 'binary' (got 'weighted'). You may use labels=[pos_label] to specify a single positive class.
  warnings.warn(

2026-04-15 12:25:51,044:WARNING:/opt/anaconda3/envs/pycaret311/lib/python3.11/site-packages/sklearn/metrics/_classification.py:1561: UserWarning: Note that pos_label (set to '>50K') is ignored when average != 'binary' (got 'weighted'). You may use labels=[pos_label] to specify a single positive class.
  warnings.warn(

2026-04-15 12:25:51,051:WARNING:/opt/anaconda3/envs/pycaret311/lib/python3.11/site-packages/sklearn/metrics/_classification.py:1561: UserWarning: Note that pos_label (set to '>50K') is ignored when average != 'binary' (got 'weighted'). You may use labels=[pos_label] to specify a single positive class.
  warnings.warn(

2026-04-15 12:25:51,055:WARNING:/opt/anaconda3/envs/pycaret311/lib/python3.11/site-packages/sklearn/metrics/_classification.py:1561: UserWarning: Note that pos_label (set to '>50K') is ignored when average != 'binary' (got 'weighted'). You may use labels=[pos_label] to specify a single positive class.
  warnings.warn(

2026-04-15 12:25:51,092:WARNING:/opt/anaconda3/envs/pycaret311/lib/python3.11/site-packages/sklearn/metrics/_classification.py:1561: UserWarning: Note that pos_label (set to '>50K') is ignored when average != 'binary' (got 'weighted'). You may use labels=[pos_label] to specify a single positive class.
  warnings.warn(

2026-04-15 12:25:51,111:WARNING:/opt/anaconda3/envs/pycaret311/lib/python3.11/site-packages/sklearn/metrics/_classification.py:1561: UserWarning: Note that pos_label (set to '>50K') is ignored when average != 'binary' (got 'weighted'). You may use labels=[pos_label] to specify a single positive class.
  warnings.warn(

2026-04-15 12:25:51,124:WARNING:/opt/anaconda3/envs/pycaret311/lib/python3.11/site-packages/sklearn/metrics/_classification.py:1561: UserWarning: Note that pos_label (set to '>50K') is ignored when average != 'binary' (got 'weighted'). You may use labels=[pos_label] to specify a single positive class.
  warnings.warn(

2026-04-15 12:25:51,141:WARNING:/opt/anaconda3/envs/pycaret311/lib/python3.11/site-packages/sklearn/metrics/_classification.py:1561: UserWarning: Note that pos_label (set to '>50K') is ignored when average != 'binary' (got 'weighted'). You may use labels=[pos_label] to specify a single positive class.
  warnings.warn(

2026-04-15 12:25:51,188:WARNING:/opt/anaconda3/envs/pycaret311/lib/python3.11/site-packages/sklearn/metrics/_classification.py:1561: UserWarning: Note that pos_label (set to '>50K') is ignored when average != 'binary' (got 'weighted'). You may use labels=[pos_label] to specify a single positive class.
  warnings.warn(

2026-04-15 12:25:51,191:WARNING:/opt/anaconda3/envs/pycaret311/lib/python3.11/site-packages/sklearn/metrics/_classification.py:1561: UserWarning: Note that pos_label (set to '>50K') is ignored when average != 'binary' (got 'weighted'). You may use labels=[pos_label] to specify a single positive class.
  warnings.warn(

2026-04-15 12:25:51,201:WARNING:/opt/anaconda3/envs/pycaret311/lib/python3.11/site-packages/sklearn/metrics/_classification.py:1561: UserWarning: Note that pos_label (set to '>50K') is ignored when average != 'binary' (got 'weighted'). You may use labels=[pos_label] to specify a single positive class.
  warnings.warn(

2026-04-15 12:25:51,203:WARNING:/opt/anaconda3/envs/pycaret311/lib/python3.11/site-packages/sklearn/metrics/_classification.py:1561: UserWarning: Note that pos_label (set to '>50K') is ignored when average != 'binary' (got 'weighted'). You may use labels=[pos_label] to specify a single positive class.
  warnings.warn(

2026-04-15 12:25:51,214:WARNING:/opt/anaconda3/envs/pycaret311/lib/python3.11/site-packages/sklearn/metrics/_classification.py:1561: UserWarning: Note that pos_label (set to '>50K') is ignored when average != 'binary' (got 'weighted'). You may use labels=[pos_label] to specify a single positive class.
  warnings.warn(

2026-04-15 12:25:51,216:WARNING:/opt/anaconda3/envs/pycaret311/lib/python3.11/site-packages/sklearn/metrics/_classification.py:1561: UserWarning: Note that pos_label (set to '>50K') is ignored when average != 'binary' (got 'weighted'). You may use labels=[pos_label] to specify a single positive class.
  warnings.warn(

2026-04-15 12:25:51,328:WARNING:/opt/anaconda3/envs/pycaret311/lib/python3.11/site-packages/sklearn/metrics/_classification.py:1561: UserWarning: Note that pos_label (set to '>50K') is ignored when average != 'binary' (got 'weighted'). You may use labels=[pos_label] to specify a single positive class.
  warnings.warn(

2026-04-15 12:25:51,341:WARNING:/opt/anaconda3/envs/pycaret311/lib/python3.11/site-packages/sklearn/metrics/_classification.py:1561: UserWarning: Note that pos_label (set to '>50K') is ignored when average != 'binary' (got 'weighted'). You may use labels=[pos_label] to specify a single positive class.
  warnings.warn(

2026-04-15 12:25:51,354:WARNING:/opt/anaconda3/envs/pycaret311/lib/python3.11/site-packages/sklearn/metrics/_classification.py:1561: UserWarning: Note that pos_label (set to '>50K') is ignored when average != 'binary' (got 'weighted'). You may use labels=[pos_label] to specify a single positive class.
  warnings.warn(

2026-04-15 12:25:52,136:WARNING:/opt/anaconda3/envs/pycaret311/lib/python3.11/site-packages/sklearn/metrics/_classification.py:1561: UserWarning: Note that pos_label (set to '>50K') is ignored when average != 'binary' (got 'weighted'). You may use labels=[pos_label] to specify a single positive class.
  warnings.warn(

2026-04-15 12:25:52,140:WARNING:/opt/anaconda3/envs/pycaret311/lib/python3.11/site-packages/sklearn/metrics/_classification.py:1561: UserWarning: Note that pos_label (set to '>50K') is ignored when average != 'binary' (got 'weighted'). You may use labels=[pos_label] to specify a single positive class.
  warnings.warn(

2026-04-15 12:25:52,149:WARNING:/opt/anaconda3/envs/pycaret311/lib/python3.11/site-packages/sklearn/metrics/_classification.py:1561: UserWarning: Note that pos_label (set to '>50K') is ignored when average != 'binary' (got 'weighted'). You may use labels=[pos_label] to specify a single positive class.
  warnings.warn(

2026-04-15 12:25:52,152:WARNING:/opt/anaconda3/envs/pycaret311/lib/python3.11/site-packages/sklearn/metrics/_classification.py:1561: UserWarning: Note that pos_label (set to '>50K') is ignored when average != 'binary' (got 'weighted'). You may use labels=[pos_label] to specify a single positive class.
  warnings.warn(

2026-04-15 12:25:52,161:WARNING:/opt/anaconda3/envs/pycaret311/lib/python3.11/site-packages/sklearn/metrics/_classification.py:1561: UserWarning: Note that pos_label (set to '>50K') is ignored when average != 'binary' (got 'weighted'). You may use labels=[pos_label] to specify a single positive class.
  warnings.warn(

2026-04-15 12:25:52,164:WARNING:/opt/anaconda3/envs/pycaret311/lib/python3.11/site-packages/sklearn/metrics/_classification.py:1561: UserWarning: Note that pos_label (set to '>50K') is ignored when average != 'binary' (got 'weighted'). You may use labels=[pos_label] to specify a single positive class.
  warnings.warn(

2026-04-15 12:25:52,188:INFO:Calculating mean and std
2026-04-15 12:25:52,188:INFO:Creating metrics dataframe
2026-04-15 12:25:52,189:INFO:Uploading results into container
2026-04-15 12:25:52,189:INFO:Uploading model into container now
2026-04-15 12:25:52,189:INFO:_master_model_container: 13
2026-04-15 12:25:52,189:INFO:_display_container: 2
2026-04-15 12:25:52,190:INFO:LGBMClassifier(boosting_type='gbdt', class_weight=None, colsample_bytree=1.0,
               importance_type='split', learning_rate=0.1, max_depth=-1,
               min_child_samples=20, min_child_weight=0.001, min_split_gain=0.0,
               n_estimators=100, n_jobs=-1, num_leaves=31, objective=None,
               random_state=42, reg_alpha=0.0, reg_lambda=0.0, subsample=1.0,
               subsample_for_bin=200000, subsample_freq=0)
2026-04-15 12:25:52,190:INFO:create_model() successfully completed......................................
2026-04-15 12:25:52,236:INFO:SubProcess create_model() end ==================================
2026-04-15 12:25:52,236:INFO:Creating metrics dataframe
2026-04-15 12:25:52,237:INFO:Initializing Dummy Classifier
2026-04-15 12:25:52,237:INFO:Total runtime is 0.9201416810353598 minutes
2026-04-15 12:25:52,237:INFO:SubProcess create_model() called ==================================
2026-04-15 12:25:52,237:INFO:Initializing create_model()
2026-04-15 12:25:52,237:INFO:create_model(self=<pycaret.classification.oop.ClassificationExperiment object at 0x12c6a7790>, estimator=dummy, fold=StratifiedKFold(n_splits=10, random_state=None, shuffle=False), round=4, cross_validation=True, predict=True, fit_kwargs={}, groups=None, refit=False, probability_threshold=None, experiment_custom_tags=None, verbose=False, system=False, add_to_model_list=True, metrics=None, display=<pycaret.internal.display.display.CommonDisplay object at 0x164602090>, model_only=True, return_train_score=False, error_score=0.0, kwargs={})
2026-04-15 12:25:52,237:INFO:Checking exceptions
2026-04-15 12:25:52,237:INFO:Importing libraries
2026-04-15 12:25:52,237:INFO:Copying training dataset
2026-04-15 12:25:52,244:INFO:Defining folds
2026-04-15 12:25:52,244:INFO:Declaring metric variables
2026-04-15 12:25:52,244:INFO:Importing untrained model
2026-04-15 12:25:52,244:INFO:Dummy Classifier Imported successfully
2026-04-15 12:25:52,244:INFO:Starting cross validation
2026-04-15 12:25:52,245:INFO:Cross validating with StratifiedKFold(n_splits=10, random_state=None, shuffle=False), n_jobs=-1
2026-04-15 12:25:52,916:WARNING:/opt/anaconda3/envs/pycaret311/lib/python3.11/site-packages/sklearn/metrics/_classification.py:1561: UserWarning: Note that pos_label (set to '>50K') is ignored when average != 'binary' (got 'weighted'). You may use labels=[pos_label] to specify a single positive class.
  warnings.warn(

2026-04-15 12:25:52,939:WARNING:/opt/anaconda3/envs/pycaret311/lib/python3.11/site-packages/sklearn/metrics/_classification.py:1561: UserWarning: Note that pos_label (set to '>50K') is ignored when average != 'binary' (got 'weighted'). You may use labels=[pos_label] to specify a single positive class.
  warnings.warn(

2026-04-15 12:25:52,945:WARNING:/opt/anaconda3/envs/pycaret311/lib/python3.11/site-packages/sklearn/metrics/_classification.py:1561: UserWarning: Note that pos_label (set to '>50K') is ignored when average != 'binary' (got 'weighted'). You may use labels=[pos_label] to specify a single positive class.
  warnings.warn(

2026-04-15 12:25:52,946:WARNING:/opt/anaconda3/envs/pycaret311/lib/python3.11/site-packages/sklearn/metrics/_classification.py:1509: UndefinedMetricWarning: Precision is ill-defined and being set to 0.0 in labels with no predicted samples. Use `zero_division` parameter to control this behavior.
  _warn_prf(average, modifier, f"{metric.capitalize()} is", len(result))

2026-04-15 12:25:52,957:WARNING:/opt/anaconda3/envs/pycaret311/lib/python3.11/site-packages/sklearn/metrics/_classification.py:1561: UserWarning: Note that pos_label (set to '>50K') is ignored when average != 'binary' (got 'weighted'). You may use labels=[pos_label] to specify a single positive class.
  warnings.warn(

2026-04-15 12:25:52,971:WARNING:/opt/anaconda3/envs/pycaret311/lib/python3.11/site-packages/sklearn/metrics/_classification.py:1561: UserWarning: Note that pos_label (set to '>50K') is ignored when average != 'binary' (got 'weighted'). You may use labels=[pos_label] to specify a single positive class.
  warnings.warn(

2026-04-15 12:25:52,982:WARNING:/opt/anaconda3/envs/pycaret311/lib/python3.11/site-packages/sklearn/metrics/_classification.py:1509: UndefinedMetricWarning: Precision is ill-defined and being set to 0.0 in labels with no predicted samples. Use `zero_division` parameter to control this behavior.
  _warn_prf(average, modifier, f"{metric.capitalize()} is", len(result))

2026-04-15 12:25:52,987:WARNING:/opt/anaconda3/envs/pycaret311/lib/python3.11/site-packages/sklearn/metrics/_classification.py:1561: UserWarning: Note that pos_label (set to '>50K') is ignored when average != 'binary' (got 'weighted'). You may use labels=[pos_label] to specify a single positive class.
  warnings.warn(

2026-04-15 12:25:52,988:WARNING:/opt/anaconda3/envs/pycaret311/lib/python3.11/site-packages/sklearn/metrics/_classification.py:1561: UserWarning: Note that pos_label (set to '>50K') is ignored when average != 'binary' (got 'weighted'). You may use labels=[pos_label] to specify a single positive class.
  warnings.warn(

2026-04-15 12:25:52,989:WARNING:/opt/anaconda3/envs/pycaret311/lib/python3.11/site-packages/sklearn/metrics/_classification.py:1561: UserWarning: Note that pos_label (set to '>50K') is ignored when average != 'binary' (got 'weighted'). You may use labels=[pos_label] to specify a single positive class.
  warnings.warn(

2026-04-15 12:25:52,991:WARNING:/opt/anaconda3/envs/pycaret311/lib/python3.11/site-packages/sklearn/metrics/_classification.py:1561: UserWarning: Note that pos_label (set to '>50K') is ignored when average != 'binary' (got 'weighted'). You may use labels=[pos_label] to specify a single positive class.
  warnings.warn(

2026-04-15 12:25:53,001:WARNING:/opt/anaconda3/envs/pycaret311/lib/python3.11/site-packages/sklearn/metrics/_classification.py:1561: UserWarning: Note that pos_label (set to '>50K') is ignored when average != 'binary' (got 'weighted'). You may use labels=[pos_label] to specify a single positive class.
  warnings.warn(

2026-04-15 12:25:53,003:WARNING:/opt/anaconda3/envs/pycaret311/lib/python3.11/site-packages/sklearn/metrics/_classification.py:1561: UserWarning: Note that pos_label (set to '>50K') is ignored when average != 'binary' (got 'weighted'). You may use labels=[pos_label] to specify a single positive class.
  warnings.warn(

2026-04-15 12:25:53,009:WARNING:/opt/anaconda3/envs/pycaret311/lib/python3.11/site-packages/sklearn/metrics/_classification.py:1561: UserWarning: Note that pos_label (set to '>50K') is ignored when average != 'binary' (got 'weighted'). You may use labels=[pos_label] to specify a single positive class.
  warnings.warn(

2026-04-15 12:25:53,011:WARNING:/opt/anaconda3/envs/pycaret311/lib/python3.11/site-packages/sklearn/metrics/_classification.py:1561: UserWarning: Note that pos_label (set to '>50K') is ignored when average != 'binary' (got 'weighted'). You may use labels=[pos_label] to specify a single positive class.
  warnings.warn(

2026-04-15 12:25:53,015:WARNING:/opt/anaconda3/envs/pycaret311/lib/python3.11/site-packages/sklearn/metrics/_classification.py:1509: UndefinedMetricWarning: Precision is ill-defined and being set to 0.0 in labels with no predicted samples. Use `zero_division` parameter to control this behavior.
  _warn_prf(average, modifier, f"{metric.capitalize()} is", len(result))

2026-04-15 12:25:53,018:WARNING:/opt/anaconda3/envs/pycaret311/lib/python3.11/site-packages/sklearn/metrics/_classification.py:1509: UndefinedMetricWarning: Precision is ill-defined and being set to 0.0 in labels with no predicted samples. Use `zero_division` parameter to control this behavior.
  _warn_prf(average, modifier, f"{metric.capitalize()} is", len(result))

2026-04-15 12:25:53,018:WARNING:/opt/anaconda3/envs/pycaret311/lib/python3.11/site-packages/sklearn/metrics/_classification.py:1509: UndefinedMetricWarning: Precision is ill-defined and being set to 0.0 in labels with no predicted samples. Use `zero_division` parameter to control this behavior.
  _warn_prf(average, modifier, f"{metric.capitalize()} is", len(result))

2026-04-15 12:25:53,021:WARNING:/opt/anaconda3/envs/pycaret311/lib/python3.11/site-packages/sklearn/metrics/_classification.py:1561: UserWarning: Note that pos_label (set to '>50K') is ignored when average != 'binary' (got 'weighted'). You may use labels=[pos_label] to specify a single positive class.
  warnings.warn(

2026-04-15 12:25:53,022:WARNING:/opt/anaconda3/envs/pycaret311/lib/python3.11/site-packages/sklearn/metrics/_classification.py:1561: UserWarning: Note that pos_label (set to '>50K') is ignored when average != 'binary' (got 'weighted'). You may use labels=[pos_label] to specify a single positive class.
  warnings.warn(

2026-04-15 12:25:53,024:WARNING:/opt/anaconda3/envs/pycaret311/lib/python3.11/site-packages/sklearn/metrics/_classification.py:1561: UserWarning: Note that pos_label (set to '>50K') is ignored when average != 'binary' (got 'weighted'). You may use labels=[pos_label] to specify a single positive class.
  warnings.warn(

2026-04-15 12:25:53,024:WARNING:/opt/anaconda3/envs/pycaret311/lib/python3.11/site-packages/sklearn/metrics/_classification.py:1561: UserWarning: Note that pos_label (set to '>50K') is ignored when average != 'binary' (got 'weighted'). You may use labels=[pos_label] to specify a single positive class.
  warnings.warn(

2026-04-15 12:25:53,035:WARNING:/opt/anaconda3/envs/pycaret311/lib/python3.11/site-packages/sklearn/metrics/_classification.py:1509: UndefinedMetricWarning: Precision is ill-defined and being set to 0.0 in labels with no predicted samples. Use `zero_division` parameter to control this behavior.
  _warn_prf(average, modifier, f"{metric.capitalize()} is", len(result))

2026-04-15 12:25:53,042:WARNING:/opt/anaconda3/envs/pycaret311/lib/python3.11/site-packages/sklearn/metrics/_classification.py:1561: UserWarning: Note that pos_label (set to '>50K') is ignored when average != 'binary' (got 'weighted'). You may use labels=[pos_label] to specify a single positive class.
  warnings.warn(

2026-04-15 12:25:53,045:WARNING:/opt/anaconda3/envs/pycaret311/lib/python3.11/site-packages/sklearn/metrics/_classification.py:1561: UserWarning: Note that pos_label (set to '>50K') is ignored when average != 'binary' (got 'weighted'). You may use labels=[pos_label] to specify a single positive class.
  warnings.warn(

2026-04-15 12:25:53,054:WARNING:/opt/anaconda3/envs/pycaret311/lib/python3.11/site-packages/sklearn/metrics/_classification.py:1561: UserWarning: Note that pos_label (set to '>50K') is ignored when average != 'binary' (got 'weighted'). You may use labels=[pos_label] to specify a single positive class.
  warnings.warn(

2026-04-15 12:25:53,054:WARNING:/opt/anaconda3/envs/pycaret311/lib/python3.11/site-packages/sklearn/metrics/_classification.py:1561: UserWarning: Note that pos_label (set to '>50K') is ignored when average != 'binary' (got 'weighted'). You may use labels=[pos_label] to specify a single positive class.
  warnings.warn(

2026-04-15 12:25:53,060:WARNING:/opt/anaconda3/envs/pycaret311/lib/python3.11/site-packages/sklearn/metrics/_classification.py:1509: UndefinedMetricWarning: Precision is ill-defined and being set to 0.0 in labels with no predicted samples. Use `zero_division` parameter to control this behavior.
  _warn_prf(average, modifier, f"{metric.capitalize()} is", len(result))

2026-04-15 12:25:53,065:WARNING:/opt/anaconda3/envs/pycaret311/lib/python3.11/site-packages/sklearn/metrics/_classification.py:1561: UserWarning: Note that pos_label (set to '>50K') is ignored when average != 'binary' (got 'weighted'). You may use labels=[pos_label] to specify a single positive class.
  warnings.warn(

2026-04-15 12:25:53,066:WARNING:/opt/anaconda3/envs/pycaret311/lib/python3.11/site-packages/sklearn/metrics/_classification.py:1561: UserWarning: Note that pos_label (set to '>50K') is ignored when average != 'binary' (got 'weighted'). You may use labels=[pos_label] to specify a single positive class.
  warnings.warn(

2026-04-15 12:25:53,073:WARNING:/opt/anaconda3/envs/pycaret311/lib/python3.11/site-packages/sklearn/metrics/_classification.py:1509: UndefinedMetricWarning: Precision is ill-defined and being set to 0.0 in labels with no predicted samples. Use `zero_division` parameter to control this behavior.
  _warn_prf(average, modifier, f"{metric.capitalize()} is", len(result))

2026-04-15 12:25:53,079:WARNING:/opt/anaconda3/envs/pycaret311/lib/python3.11/site-packages/sklearn/metrics/_classification.py:1561: UserWarning: Note that pos_label (set to '>50K') is ignored when average != 'binary' (got 'weighted'). You may use labels=[pos_label] to specify a single positive class.
  warnings.warn(

2026-04-15 12:25:53,325:WARNING:/opt/anaconda3/envs/pycaret311/lib/python3.11/site-packages/sklearn/metrics/_classification.py:1561: UserWarning: Note that pos_label (set to '>50K') is ignored when average != 'binary' (got 'weighted'). You may use labels=[pos_label] to specify a single positive class.
  warnings.warn(

2026-04-15 12:25:53,336:WARNING:/opt/anaconda3/envs/pycaret311/lib/python3.11/site-packages/sklearn/metrics/_classification.py:1561: UserWarning: Note that pos_label (set to '>50K') is ignored when average != 'binary' (got 'weighted'). You may use labels=[pos_label] to specify a single positive class.
  warnings.warn(

2026-04-15 12:25:53,343:WARNING:/opt/anaconda3/envs/pycaret311/lib/python3.11/site-packages/sklearn/metrics/_classification.py:1509: UndefinedMetricWarning: Precision is ill-defined and being set to 0.0 in labels with no predicted samples. Use `zero_division` parameter to control this behavior.
  _warn_prf(average, modifier, f"{metric.capitalize()} is", len(result))

2026-04-15 12:25:53,348:WARNING:/opt/anaconda3/envs/pycaret311/lib/python3.11/site-packages/sklearn/metrics/_classification.py:1561: UserWarning: Note that pos_label (set to '>50K') is ignored when average != 'binary' (got 'weighted'). You may use labels=[pos_label] to specify a single positive class.
  warnings.warn(

2026-04-15 12:25:53,350:WARNING:/opt/anaconda3/envs/pycaret311/lib/python3.11/site-packages/sklearn/metrics/_classification.py:1561: UserWarning: Note that pos_label (set to '>50K') is ignored when average != 'binary' (got 'weighted'). You may use labels=[pos_label] to specify a single positive class.
  warnings.warn(

2026-04-15 12:25:53,362:WARNING:/opt/anaconda3/envs/pycaret311/lib/python3.11/site-packages/sklearn/metrics/_classification.py:1561: UserWarning: Note that pos_label (set to '>50K') is ignored when average != 'binary' (got 'weighted'). You may use labels=[pos_label] to specify a single positive class.
  warnings.warn(

2026-04-15 12:25:53,368:WARNING:/opt/anaconda3/envs/pycaret311/lib/python3.11/site-packages/sklearn/metrics/_classification.py:1509: UndefinedMetricWarning: Precision is ill-defined and being set to 0.0 in labels with no predicted samples. Use `zero_division` parameter to control this behavior.
  _warn_prf(average, modifier, f"{metric.capitalize()} is", len(result))

2026-04-15 12:25:53,373:WARNING:/opt/anaconda3/envs/pycaret311/lib/python3.11/site-packages/sklearn/metrics/_classification.py:1561: UserWarning: Note that pos_label (set to '>50K') is ignored when average != 'binary' (got 'weighted'). You may use labels=[pos_label] to specify a single positive class.
  warnings.warn(

2026-04-15 12:25:53,389:INFO:Calculating mean and std
2026-04-15 12:25:53,389:INFO:Creating metrics dataframe
2026-04-15 12:25:53,390:INFO:Uploading results into container
2026-04-15 12:25:53,390:INFO:Uploading model into container now
2026-04-15 12:25:53,390:INFO:_master_model_container: 14
2026-04-15 12:25:53,390:INFO:_display_container: 2
2026-04-15 12:25:53,390:INFO:DummyClassifier(constant=None, random_state=42, strategy='prior')
2026-04-15 12:25:53,390:INFO:create_model() successfully completed......................................
2026-04-15 12:25:53,443:INFO:SubProcess create_model() end ==================================
2026-04-15 12:25:53,443:INFO:Creating metrics dataframe
2026-04-15 12:25:53,446:WARNING:/opt/anaconda3/envs/pycaret311/lib/python3.11/site-packages/pycaret/internal/pycaret_experiment/supervised_experiment.py:339: FutureWarning: Styler.applymap has been deprecated. Use Styler.map instead.
  .applymap(highlight_cols, subset=["TT (Sec)"])

2026-04-15 12:25:53,447:INFO:Initializing create_model()
2026-04-15 12:25:53,447:INFO:create_model(self=<pycaret.classification.oop.ClassificationExperiment object at 0x12c6a7790>, estimator=LGBMClassifier(boosting_type='gbdt', class_weight=None, colsample_bytree=1.0,
               importance_type='split', learning_rate=0.1, max_depth=-1,
               min_child_samples=20, min_child_weight=0.001, min_split_gain=0.0,
               n_estimators=100, n_jobs=-1, num_leaves=31, objective=None,
               random_state=42, reg_alpha=0.0, reg_lambda=0.0, subsample=1.0,
               subsample_for_bin=200000, subsample_freq=0), fold=StratifiedKFold(n_splits=10, random_state=None, shuffle=False), round=4, cross_validation=False, predict=False, fit_kwargs={}, groups=None, refit=True, probability_threshold=None, experiment_custom_tags=None, verbose=False, system=False, add_to_model_list=True, metrics=None, display=None, model_only=True, return_train_score=False, error_score=0.0, kwargs={})
2026-04-15 12:25:53,447:INFO:Checking exceptions
2026-04-15 12:25:53,447:INFO:Importing libraries
2026-04-15 12:25:53,448:INFO:Copying training dataset
2026-04-15 12:25:53,455:INFO:Defining folds
2026-04-15 12:25:53,455:INFO:Declaring metric variables
2026-04-15 12:25:53,455:INFO:Importing untrained model
2026-04-15 12:25:53,455:INFO:Declaring custom model
2026-04-15 12:25:53,456:INFO:Light Gradient Boosting Machine Imported successfully
2026-04-15 12:25:53,457:INFO:Cross validation set to False
2026-04-15 12:25:53,457:INFO:Fitting Model
2026-04-15 12:25:53,787:INFO:[LightGBM] [Info] Number of positive: 9349, number of negative: 29724
2026-04-15 12:25:53,795:INFO:[LightGBM] [Info] Auto-choosing row-wise multi-threading, the overhead of testing was 0.004220 seconds.
2026-04-15 12:25:53,795:INFO:You can set `force_row_wise=true` to remove the overhead.
2026-04-15 12:25:53,795:INFO:And if memory is not enough, you can set `force_col_wise=true`.
2026-04-15 12:25:53,796:INFO:[LightGBM] [Info] Total Bins 810
2026-04-15 12:25:53,796:INFO:[LightGBM] [Info] Number of data points in the train set: 39073, number of used features: 61
2026-04-15 12:25:53,796:INFO:[LightGBM] [Info] [binary:BoostFromScore]: pavg=0.239270 -> initscore=-1.156685
2026-04-15 12:25:53,796:INFO:[LightGBM] [Info] Start training from score -1.156685
2026-04-15 12:25:54,217:INFO:LGBMClassifier(boosting_type='gbdt', class_weight=None, colsample_bytree=1.0,
               importance_type='split', learning_rate=0.1, max_depth=-1,
               min_child_samples=20, min_child_weight=0.001, min_split_gain=0.0,
               n_estimators=100, n_jobs=-1, num_leaves=31, objective=None,
               random_state=42, reg_alpha=0.0, reg_lambda=0.0, subsample=1.0,
               subsample_for_bin=200000, subsample_freq=0)
2026-04-15 12:25:54,217:INFO:create_model() successfully completed......................................
2026-04-15 12:25:54,255:INFO:Initializing create_model()
2026-04-15 12:25:54,255:INFO:create_model(self=<pycaret.classification.oop.ClassificationExperiment object at 0x12c6a7790>, estimator=GradientBoostingClassifier(ccp_alpha=0.0, criterion='friedman_mse', init=None,
                           learning_rate=0.1, loss='log_loss', max_depth=3,
                           max_features=None, max_leaf_nodes=None,
                           min_impurity_decrease=0.0, min_samples_leaf=1,
                           min_samples_split=2, min_weight_fraction_leaf=0.0,
                           n_estimators=100, n_iter_no_change=None,
                           random_state=42, subsample=1.0, tol=0.0001,
                           validation_fraction=0.1, verbose=0,
                           warm_start=False), fold=StratifiedKFold(n_splits=10, random_state=None, shuffle=False), round=4, cross_validation=False, predict=False, fit_kwargs={}, groups=None, refit=True, probability_threshold=None, experiment_custom_tags=None, verbose=False, system=False, add_to_model_list=True, metrics=None, display=None, model_only=True, return_train_score=False, error_score=0.0, kwargs={})
2026-04-15 12:25:54,255:INFO:Checking exceptions
2026-04-15 12:25:54,255:INFO:Importing libraries
2026-04-15 12:25:54,255:INFO:Copying training dataset
2026-04-15 12:25:54,262:INFO:Defining folds
2026-04-15 12:25:54,262:INFO:Declaring metric variables
2026-04-15 12:25:54,262:INFO:Importing untrained model
2026-04-15 12:25:54,262:INFO:Declaring custom model
2026-04-15 12:25:54,262:INFO:Gradient Boosting Classifier Imported successfully
2026-04-15 12:25:54,263:INFO:Cross validation set to False
2026-04-15 12:25:54,263:INFO:Fitting Model
2026-04-15 12:25:58,325:INFO:GradientBoostingClassifier(ccp_alpha=0.0, criterion='friedman_mse', init=None,
                           learning_rate=0.1, loss='log_loss', max_depth=3,
                           max_features=None, max_leaf_nodes=None,
                           min_impurity_decrease=0.0, min_samples_leaf=1,
                           min_samples_split=2, min_weight_fraction_leaf=0.0,
                           n_estimators=100, n_iter_no_change=None,
                           random_state=42, subsample=1.0, tol=0.0001,
                           validation_fraction=0.1, verbose=0,
                           warm_start=False)
2026-04-15 12:25:58,325:INFO:create_model() successfully completed......................................
2026-04-15 12:25:58,367:INFO:Initializing create_model()
2026-04-15 12:25:58,368:INFO:create_model(self=<pycaret.classification.oop.ClassificationExperiment object at 0x12c6a7790>, estimator=AdaBoostClassifier(algorithm='SAMME.R', estimator=None, learning_rate=1.0,
                   n_estimators=50, random_state=42), fold=StratifiedKFold(n_splits=10, random_state=None, shuffle=False), round=4, cross_validation=False, predict=False, fit_kwargs={}, groups=None, refit=True, probability_threshold=None, experiment_custom_tags=None, verbose=False, system=False, add_to_model_list=True, metrics=None, display=None, model_only=True, return_train_score=False, error_score=0.0, kwargs={})
2026-04-15 12:25:58,368:INFO:Checking exceptions
2026-04-15 12:25:58,368:INFO:Importing libraries
2026-04-15 12:25:58,368:INFO:Copying training dataset
2026-04-15 12:25:58,375:INFO:Defining folds
2026-04-15 12:25:58,375:INFO:Declaring metric variables
2026-04-15 12:25:58,375:INFO:Importing untrained model
2026-04-15 12:25:58,375:INFO:Declaring custom model
2026-04-15 12:25:58,375:INFO:Ada Boost Classifier Imported successfully
2026-04-15 12:25:58,376:INFO:Cross validation set to False
2026-04-15 12:25:58,376:INFO:Fitting Model
2026-04-15 12:25:58,665:WARNING:/opt/anaconda3/envs/pycaret311/lib/python3.11/site-packages/sklearn/ensemble/_weight_boosting.py:519: FutureWarning: The SAMME.R algorithm (the default) is deprecated and will be removed in 1.6. Use the SAMME algorithm to circumvent this warning.
  warnings.warn(

2026-04-15 12:25:59,556:INFO:AdaBoostClassifier(algorithm='SAMME.R', estimator=None, learning_rate=1.0,
                   n_estimators=50, random_state=42)
2026-04-15 12:25:59,557:INFO:create_model() successfully completed......................................
2026-04-15 12:25:59,601:INFO:_master_model_container: 14
2026-04-15 12:25:59,601:INFO:_display_container: 2
2026-04-15 12:25:59,602:INFO:[LGBMClassifier(boosting_type='gbdt', class_weight=None, colsample_bytree=1.0,
               importance_type='split', learning_rate=0.1, max_depth=-1,
               min_child_samples=20, min_child_weight=0.001, min_split_gain=0.0,
               n_estimators=100, n_jobs=-1, num_leaves=31, objective=None,
               random_state=42, reg_alpha=0.0, reg_lambda=0.0, subsample=1.0,
               subsample_for_bin=200000, subsample_freq=0), GradientBoostingClassifier(ccp_alpha=0.0, criterion='friedman_mse', init=None,
                           learning_rate=0.1, loss='log_loss', max_depth=3,
                           max_features=None, max_leaf_nodes=None,
                           min_impurity_decrease=0.0, min_samples_leaf=1,
                           min_samples_split=2, min_weight_fraction_leaf=0.0,
                           n_estimators=100, n_iter_no_change=None,
                           random_state=42, subsample=1.0, tol=0.0001,
                           validation_fraction=0.1, verbose=0,
                           warm_start=False), AdaBoostClassifier(algorithm='SAMME.R', estimator=None, learning_rate=1.0,
                   n_estimators=50, random_state=42)]
2026-04-15 12:25:59,602:INFO:compare_models() successfully completed......................................
2026-04-15 12:25:59,607:INFO:Initializing plot_model()
2026-04-15 12:25:59,607:INFO:plot_model(self=<pycaret.classification.oop.ClassificationExperiment object at 0x12c6a7790>, estimator=LGBMClassifier(boosting_type='gbdt', class_weight=None, colsample_bytree=1.0,
               importance_type='split', learning_rate=0.1, max_depth=-1,
               min_child_samples=20, min_child_weight=0.001, min_split_gain=0.0,
               n_estimators=100, n_jobs=-1, num_leaves=31, objective=None,
               random_state=42, reg_alpha=0.0, reg_lambda=0.0, subsample=1.0,
               subsample_for_bin=200000, subsample_freq=0), plot=confusion_matrix, scale=1, save=True, fold=None, fit_kwargs=None, plot_kwargs=None, groups=None, feature_name=None, label=False, verbose=True, system=True, display=None, display_format=None)
2026-04-15 12:25:59,607:INFO:Checking exceptions
2026-04-15 12:25:59,610:INFO:Preloading libraries
2026-04-15 12:25:59,613:INFO:Copying training dataset
2026-04-15 12:25:59,613:INFO:Plot type: confusion_matrix
2026-04-15 12:26:00,296:INFO:Fitting Model
2026-04-15 12:26:00,296:INFO:Scoring test/hold-out set
2026-04-15 12:26:00,335:INFO:Saving 'Confusion Matrix.png'
2026-04-15 12:26:00,502:INFO:Visual Rendered Successfully
2026-04-15 12:26:00,545:INFO:plot_model() successfully completed......................................
2026-04-15 12:26:00,550:INFO:Initializing save_model()
2026-04-15 12:26:00,550:INFO:save_model(model=LGBMClassifier(boosting_type='gbdt', class_weight=None, colsample_bytree=1.0,
               importance_type='split', learning_rate=0.1, max_depth=-1,
               min_child_samples=20, min_child_weight=0.001, min_split_gain=0.0,
               n_estimators=100, n_jobs=-1, num_leaves=31, objective=None,
               random_state=42, reg_alpha=0.0, reg_lambda=0.0, subsample=1.0,
               subsample_for_bin=200000, subsample_freq=0), model_name=best_pipeline, prep_pipe_=Pipeline(memory=FastMemory(location=/var/folders/c3/03h8vrbs74v9s2kx_5k2h8gc0000gn/T/joblib),
         steps=[('label_encoding',
                 TransformerWrapperWithInverse(exclude=None, include=None,
                                               transformer=LabelEncoder())),
                ('numerical_imputer',
                 TransformerWrapper(exclude=None,
                                    include=['age', 'fnlwgt', 'education-num',
                                             'capital-gain', 'capital-loss',
                                             'hours-per-week'],
                                    transf...
                                                              hierarchy=None,
                                                              min_samples_leaf=20,
                                                              return_df=True,
                                                              smoothing=10,
                                                              verbose=0))),
                ('normalize',
                 TransformerWrapper(exclude=None, include=None,
                                    transformer=StandardScaler(copy=True,
                                                               with_mean=True,
                                                               with_std=True))),
                ('clean_column_names',
                 TransformerWrapper(exclude=None, include=None,
                                    transformer=CleanColumnNames(match='[\\]\\[\\,\\{\\}\\"\\:]+')))],
         verbose=False), verbose=True, use_case=MLUsecase.CLASSIFICATION, kwargs={})
2026-04-15 12:26:00,550:INFO:Adding model into prep_pipe
2026-04-15 12:26:00,557:INFO:best_pipeline.pkl saved in current working directory
2026-04-15 12:26:00,563:INFO:Pipeline(memory=Memory(location=None),
         steps=[('label_encoding',
                 TransformerWrapperWithInverse(exclude=None, include=None,
                                               transformer=LabelEncoder())),
                ('numerical_imputer',
                 TransformerWrapper(exclude=None,
                                    include=['age', 'fnlwgt', 'education-num',
                                             'capital-gain', 'capital-loss',
                                             'hours-per-week'],
                                    transformer=SimpleImputer(add_indicator=False,
                                                              copy=True,
                                                              fill_...
                 LGBMClassifier(boosting_type='gbdt', class_weight=None,
                                colsample_bytree=1.0, importance_type='split',
                                learning_rate=0.1, max_depth=-1,
                                min_child_samples=20, min_child_weight=0.001,
                                min_split_gain=0.0, n_estimators=100, n_jobs=-1,
                                num_leaves=31, objective=None, random_state=42,
                                reg_alpha=0.0, reg_lambda=0.0, subsample=1.0,
                                subsample_for_bin=200000, subsample_freq=0))],
         verbose=False)
2026-04-15 12:26:00,564:INFO:save_model() successfully completed......................................
2026-04-15 12:36:33,750:WARNING:
'cuml' is a soft dependency and not included in the pycaret installation. Please run: `pip install cuml` to install.
2026-04-15 12:36:33,750:WARNING:
'cuml' is a soft dependency and not included in the pycaret installation. Please run: `pip install cuml` to install.
2026-04-15 12:36:33,750:WARNING:
'cuml' is a soft dependency and not included in the pycaret installation. Please run: `pip install cuml` to install.
2026-04-15 12:36:33,750:WARNING:
'cuml' is a soft dependency and not included in the pycaret installation. Please run: `pip install cuml` to install.
2026-04-15 12:36:34,518:INFO:Initializing load_model()
2026-04-15 12:36:34,518:INFO:load_model(model_name=best_pipeline, platform=None, authentication=None, verbose=True)
2026-04-15 12:36:34,545:WARNING:/opt/anaconda3/envs/pycaret311/lib/python3.11/site-packages/_distutils_hack/__init__.py:30: UserWarning: Setuptools is replacing distutils. Support for replacing an already imported distutils is deprecated. In the future, this condition will fail. Register concerns at https://github.com/pypa/setuptools/issues/new?template=distutils-deprecation.yml
  warnings.warn(

2026-04-15 12:36:52,222:WARNING:
'cuml' is a soft dependency and not included in the pycaret installation. Please run: `pip install cuml` to install.
2026-04-15 12:36:52,223:WARNING:
'cuml' is a soft dependency and not included in the pycaret installation. Please run: `pip install cuml` to install.
2026-04-15 12:36:52,223:WARNING:
'cuml' is a soft dependency and not included in the pycaret installation. Please run: `pip install cuml` to install.
2026-04-15 12:36:52,223:WARNING:
'cuml' is a soft dependency and not included in the pycaret installation. Please run: `pip install cuml` to install.
2026-04-15 12:36:52,809:INFO:Initializing load_model()
2026-04-15 12:36:52,809:INFO:load_model(model_name=best_pipeline, platform=None, authentication=None, verbose=True)
2026-04-15 12:36:52,828:WARNING:/opt/anaconda3/envs/pycaret311/lib/python3.11/site-packages/_distutils_hack/__init__.py:30: UserWarning: Setuptools is replacing distutils. Support for replacing an already imported distutils is deprecated. In the future, this condition will fail. Register concerns at https://github.com/pypa/setuptools/issues/new?template=distutils-deprecation.yml
  warnings.warn(

2026-04-15 12:40:46,654:INFO:Initializing predict_model()
2026-04-15 12:40:46,654:INFO:predict_model(self=<pycaret.classification.oop.ClassificationExperiment object at 0x1689ba650>, estimator=Pipeline(memory=Memory(location=None),
         steps=[('label_encoding',
                 TransformerWrapperWithInverse(transformer=LabelEncoder())),
                ('numerical_imputer',
                 TransformerWrapper(include=['age', 'fnlwgt', 'education-num',
                                             'capital-gain', 'capital-loss',
                                             'hours-per-week'],
                                    transformer=SimpleImputer())),
                ('categorical_imputer',
                 TransformerWrapper(include=['workclass', 'educat...
                                                              use_cat_names=True))),
                ('rest_encoding',
                 TransformerWrapper(include=['native-country'],
                                    transformer=TargetEncoder(cols=['native-country'],
                                                              handle_missing='return_nan'))),
                ('normalize', TransformerWrapper(transformer=StandardScaler())),
                ('clean_column_names',
                 TransformerWrapper(transformer=CleanColumnNames())),
                ('trained_model', LGBMClassifier(n_jobs=-1, random_state=42))]), probability_threshold=None, encoded_labels=False, raw_score=False, round=4, verbose=True, ml_usecase=None, preprocess=True, encode_labels=<function _SupervisedExperiment.predict_model.<locals>.encode_labels at 0x11ab92b60>)
2026-04-15 12:40:46,654:INFO:Checking exceptions
2026-04-15 12:40:46,655:INFO:Preloading libraries
2026-04-15 12:40:46,657:INFO:Set up data.
2026-04-15 12:40:46,661:INFO:Set up index.
2026-04-15 12:40:48,221:INFO:Initializing predict_model()
2026-04-15 12:40:48,221:INFO:predict_model(self=<pycaret.classification.oop.ClassificationExperiment object at 0x1686145d0>, estimator=Pipeline(memory=Memory(location=None),
         steps=[('label_encoding',
                 TransformerWrapperWithInverse(transformer=LabelEncoder())),
                ('numerical_imputer',
                 TransformerWrapper(include=['age', 'fnlwgt', 'education-num',
                                             'capital-gain', 'capital-loss',
                                             'hours-per-week'],
                                    transformer=SimpleImputer())),
                ('categorical_imputer',
                 TransformerWrapper(include=['workclass', 'educat...
                                                              use_cat_names=True))),
                ('rest_encoding',
                 TransformerWrapper(include=['native-country'],
                                    transformer=TargetEncoder(cols=['native-country'],
                                                              handle_missing='return_nan'))),
                ('normalize', TransformerWrapper(transformer=StandardScaler())),
                ('clean_column_names',
                 TransformerWrapper(transformer=CleanColumnNames())),
                ('trained_model', LGBMClassifier(n_jobs=-1, random_state=42))]), probability_threshold=None, encoded_labels=False, raw_score=False, round=4, verbose=True, ml_usecase=None, preprocess=True, encode_labels=<function _SupervisedExperiment.predict_model.<locals>.encode_labels at 0x1021947c0>)
2026-04-15 12:40:48,221:INFO:Checking exceptions
2026-04-15 12:40:48,221:INFO:Preloading libraries
2026-04-15 12:40:48,221:INFO:Set up data.
2026-04-15 12:40:48,223:INFO:Set up index.
